ID,GlideNumber,Country,OtherCountry,long,lat,Area,Began,Ended,Validation,Dead,Displaced,MainCause,Severity,Year
3591,0,Albania,,20.0828,41.4664,60173.47,2010-01-04,2010-01-13,0,0,1500,Heavy Rain,1.5,2010
3592,0,Panama,,-82.6444,9.11544,23337.85,2010-01-11,2010-01-13,0,0,1000,Heavy Rain,1.0,2010
3593,FL-2010-000008-BOL,Bolivia,0,-63.6012,-17.8267,102220.84,2010-01-01,2010-01-13,0,5,4500,Heavy Rain,1.0,2010
3596,0,Brazil,0,-44.0681,-22.9804,55636.33,2010-01-10,2010-01-28,0,72,6000,Heavy Rain,1.5,2010
3598,0,Mozambique,,31.6455,-25.593,72703.82,2010-01-25,2010-01-28,0,3,0,Heavy Rain,1.0,2010
3599,0,South Africa,0,28.6962,-24.746,87777.03,2010-01-27,2010-01-29,0,0,1400,Heavy Rain,1.0,2010
3600,0,New Zealand,0,178.132,-37.717,44179.41,2010-01-29,2010-02-02,0,0,0,Heavy Rain,1.0,2010
3601,0,Bolivia,0,-66.4995,-17.4593,292808.94,2010-01-27,2010-02-05,0,0,0,Heavy Rain,1.0,2010
3602,0,Mexico,0,-99.0036,19.9433,122621.4,2010-01-26,2010-02-13,0,41,20000,Heavy Rain,1.0,2010
3603,0,Australia,0,145.18,-20.174,188865.22,2010-02-05,2010-02-07,0,2,0,Heavy Rain,1.0,2010
3604,FL-2010-000021-AFG,Afghanistan,0,65.1089,32.547,105873.35,2010-02-05,2010-02-10,0,20,200,Heavy Rain,2.0,2010
3607,0,Bulgaria,,27.3388,41.1603,87346.16,2010-02-13,2010-02-20,0,0,0,Heavy Rain,1.0,2010
3608,0,Australia,0,149.599,-32.4204,311949.24,2010-02-13,2010-02-16,0,0,0,Heavy Rain,2.0,2010
3611,0,Spain,0,-4.04265,38.9763,98474.34,2010-02-23,2010-02-24,0,32,1200,Heavy Rain,1.0,2010
3613,FL-2010-000037-HTI,Haiti,0,-73.7657,18.4176,3836.32,2010-02-28,2010-03-02,0,13,0,Heavy Rain,1.0,2010
3614,FL-2010-000046-MOZ,Mozambique,0,34.2547,-19.9647,26372.46,2010-02-22,2010-03-28,0,2,130000,Heavy Rain,1.0,2010
3615,0,Australia,0,147.956,-26.2155,431681.63,2010-02-28,2010-03-17,0,0,0,Heavy Rain,2.0,2010
3616,FL-2010-000038-ZMB,Zambia,,27.7369,-16.0918,85511.58,2010-03-01,2010-03-17,0,0,115,Heavy Rain,1.0,2010
3617,FL-2010-000041-SOM,Ethiopia,,45.4942,9.19708,104208.15,2010-03-01,2010-03-11,0,0,16000,Heavy Rain,1.0,2010
3618,FL-2010-000042-SRB,Serbia,,21.1442,44.4668,46896.64,2010-03-01,2010-03-02,0,0,4000,Heavy Rain,1.0,2010
3619,0,Peru,0,-73.3575,-11.8464,57889.66,2010-03-02,2010-03-04,0,7,20,Heavy Rain,1.0,2010
3620,0,Uganda,0,31.0638,1.13485,75196.57,2010-03-07,2010-03-12,0,0,20000,Heavy Rain,1.0,2010
3622,0,USA,0,-86.3795,32.8939,48982.93,2010-03-10,2010-03-17,0,0,0,Heavy Rain,1.0,2010
3623,FL-2010-000049-AGO,Angola,0,17.2457,-16.1122,274099.2,2010-03-01,2010-03-31,0,12,11500,Heavy Rain,1.0,2010
3629,0,USA,0,-74.873,39.4866,240301.51,2010-03-27,2010-03-31,0,0,0,Heavy Rain,2.0,2010
3631,0,Rwanda,0,29.6861,-1.74307,8862.8,2010-03-26,2010-03-31,0,4,0,Heavy Rain,1.0,2010
3633,FL-2010-000070-BGD,Bangladesh,0,89.5099,22.1528,7062.71,2010-03-27,2010-04-07,0,104,0,Heavy Rain,1.0,2010
3634,0,Somalia,0,45.7901,2.82383,50278.2,2010-04-12,2010-04-13,0,0,200,Heavy Rain,1.0,2010
3635,0,Serbia,0,21.7157,43.4667,13989.57,2010-04-20,2010-04-22,0,0,0,Heavy Rain,1.0,2010
3637,0,Cuba,0,-75.3832,20.2623,10657.92,2010-04-17,2010-04-21,0,0,84,Heavy Rain,1.0,2010
3636,0,India,0,91.8623,26.3166,13472.46,2010-04-18,2010-04-21,0,0,300,Heavy Rain,2.0,2010
3638,0,China,0,111.13,25.1481,19903.73,2010-04-20,2010-04-21,0,0,0,Heavy Rain,1.0,2010
3639,FL-2010-000077-NAM,Namibia,,23.2312,-18.6942,64627.58,2010-04-16,2010-04-21,0,0,11000,Heavy Rain,1.0,2010
3640,0,Indonesia,0,113.972,-2.68196,103901.84,2010-04-16,2010-05-02,0,0,0,Heavy Rain,1.0,2010
3641,0,USA,0,-87.2776,36.0678,79123.97,2010-05-01,2010-05-04,0,30,8000,Heavy Rain,1.0,2010
3645,0,Indonesia,0,121.994,-3.87599,24518.72,2010-05-08,2010-05-10,0,0,0,Heavy Rain,1.0,2010
3646,0,Kenya,0,36.0032,1.50224,196057.68,2010-05-08,2010-05-24,0,100,70000,Heavy Rain,1.5,2010
3647,0,Pakistan,0,73.3855,35.5882,6706.99,2010-05-08,2010-05-23,0,0,0,Heavy Rain,1.0,2010
3648,"FF-2010-000094-CZE,",Czech Republic,,19.644,49.7736,121758.8,2010-05-15,2010-05-24,0,12,0,Heavy Rain,2.0,2010
3649,FL-2010-000092-LKA,Sri Lanka,0,80.5904,6.83965,19207.85,2010-05-08,2010-05-23,0,20,75000,Heavy Rain,1.0,2010
3652,TC-2010-000097-IND,India,0,79.4844,15.2182,63171.41,2010-05-18,2010-05-24,0,27,50000,Heavy rain,1.0,2010
3654,0,New Zealand,0,169.918,-45.1567,25183.14,2010-05-25,2010-05-31,0,0,0,Heavy Rain,2.0,2010
3655,0,Canada,0,-97.7891,49.8757,25787.99,2010-05-29,2010-05-31,0,0,0,Heavy Rain,1.0,2010
3657,0,Hungary,,19.7971,49.6716,174970.1,2010-05-29,2010-06-11,0,0,3000,Heavy Rain,1.0,2010
3667,FL-2010-000120-BRA,Brazil,0,-37.7816,-6.35589,320129.49,2010-06-22,2010-06-30,0,50,150000,Heavy Rain,2.0,2010
3663,0,Ghana,0,-0.981038,7.93162,150908.11,2010-06-22,2010-06-26,0,30,0,Heavy Rain,1.0,2010
3664,0,Romania,,23.1853,46.0793,56733.12,2010-06-22,2010-07-12,0,23,17500,Heavy Rain,2.0,2010
3665,0,Bosnia and Herzegovina,0,17.705,43.9872,28641.6,2010-06-22,2010-06-26,0,46,0,Heavy Rain,1.0,2010
3672,FL-2010-000129-UKR,Ukraine,0,24.7926,48.5898,34504.42,2010-06-27,2010-07-02,0,2,0,Heavy Rain,1.5,2010
3673,0,Canada,0,-103.836,51.8657,86589.82,2010-07-02,2010-07-06,0,0,0,Heavy Rain,1.5,2010
3675,FL-2010-000130-MDA,Moldova,,27.9665,46.8243,12206.49,2010-07-05,2010-07-07,0,0,2000,Heavy Rain,1.0,2010
3683,0,Sudan,0,36.6717,18.7493,100438.85,2010-07-10,2010-08-11,0,33,10000,Heavy Rain,1.5,2010
3690,0,Nepal,0,84.7848,28.3526,132628.58,2010-07-25,2010-07-25,0,12,0,Heavy Rain,1.0,2010
3691,0,Indonesia,0,114.972,-2.14107,106460.15,2010-07-23,2010-07-25,0,21,15000,Heavy Rain,1.0,2010
3695,FL-2010-000145-BFA,Burkino Faso,0,-1.38925,12.9425,160792.23,2010-07-21,2010-07-25,0,14,20000,Heavy Rain,1.0,2010
3705,0,North Korea,,124.965,40.365,305.538,2010-08-26,2010-09-01,News,0,35000,Heavy Rain,1.5,2010
3708,0,Australia,0,143.325,-38.07,7093.05,2010-09-01,2010-09-15,News,0,10000,Heavy Rain,2.0,2010
3714,0,Chad,0,14.625,11.385,38021.99,2010-08-15,2010-09-17,News,24,70000,Heavy Rain,1.5,2010
3720,0,Canada,0,-126.67,50.9015,45780.38,2010-09-25,2010-09-28,News,0,720,Heavy Rain,2.0,2010
3722,0,USA,0,-90.18,44.01,3873.19,2010-09-22,2010-09-30,News,0,0,Heavy Rain,2.0,2010
3724,0,Uganda,0,32.715,1.305,3303.97,2010-09-26,2010-09-30,News,0,600,Heavy Rain,1.5,2010
3730,0,Benin,,5.31,4.86,26788.65,2010-09-12,2010-11-15,News,272,2000,Heavy Rain,1.5,2010
3731,0,Australia,0,151.02,-27.36,4896.01,2010-10-09,2010-10-12,News,0,100,Heavy Rain,1.5,2010
3734,0,Australia,0,144.27,-30.555,21254.7,2010-10-15,2010-10-19,News,0,0,Heavy Rain,1.0,2010
3737,0,Thailand,0,102.195,15.03,3873.76,2010-10-10,2010-11-15,News,206,0,Heavy Rain,2.0,2010
3739,0,Viet Nam,0,108.92,12.5176,33659.75,2010-10-30,2010-11-05,News,18,35000,Heavy Rain,1.0,2010
3741,0,Chad,0,15.21,11.205,8249.26,2010-10-01,2010-11-05,News,0,0,Heavy Rain,1.5,2010
3743,0,Malaysia,0,101.922,5.61628,44792.72,2010-11-01,2010-11-05,News,0,40000,Heavy Rain,1.0,2010
3744,0,Indonesia,0,121.614,-8.67221,23685.01,2010-11-02,2010-11-05,News,15,0,Heavy Rain,1.0,2010
3746,0,Italy,0,11.1382,45.1256,18725.85,2010-11-08,2010-11-11,News,0,300,Heavy Rain,2.0,2010
3747,0,Ghana,0,-0.809999,8.28,4567.71,2010-11-05,2010-11-11,News,0,2600,Heavy Rain,1.5,2010
3748,0,Belgium,0,4.35761,50.8534,8458.94,2010-11-12,2010-11-15,News,3,0,Heavy Rain,1.5,2010
3749,0,United Kingdom,0,-3.5777,50.7875,8727.83,2010-11-16,2010-11-20,News,0,0,Heavy Rain,1.5,2010
3750,0,Columbia,0,-72.9604,4.11351,1140146.22,2010-11-15,2010-12-20,News,250,800000,Heavy Rain,1.5,2010
3755,FL-2010-000252-SRB,Serbia,Montenegro,20.7292,44.0151,101737.38,2010-12-01,2010-12-17,News,3,30000,Heavy Rain,2.0,2010
3752,0,Australia,0,147.388,-29.8384,832001.36,2010-11-27,2010-12-20,News,5,3000,Heavy Rain,2.0,2010
3758,0,Spain,0,-5.86579,37.811,22049.53,2010-12-06,2010-12-10,News,0,30,Heavy Rain,1.0,2010
3760,0,Ukraine,,23.3257,48.5418,23546.82,2010-12-13,2010-12-17,News,0,4000,Heavy Rain,1.0,2010
3762,0,USA,,-120.733,38.8497,355567.84,2010-12-19,2010-12-28,News,0,1000,Heavy Rain,1.5,2010
3763,0,Australia,,115.135,-24.6815,175962.13,2010-12-17,2010-12-28,News,0,0,Heavy Rain,1.5,2010
3765,0,Philippines,,125.566,8.13264,10773.79,2011-01-01,2011-01-18,News,53,10000,Heavy Rain,2.0,2011
3766,FL-2011-000002- BRA,Brazil,,-43.449,-18.7387,587384.59,2011-01-01,2011-01-18,News,665,100000,Heavy Rain,2.0,2011
3767,FL-2011-000013-MOZ,South Africa,Mozambique,28.407,-31.0553,134636.07,2011-01-01,2011-02-04,News,50,300,Heavy Rain,1.5,2011
3769,0,Germany,,7.63154,50.3468,17419.69,2011-01-07,2011-01-10,News,0,0,Heavy Rain,1.0,2011
3770,0,Indonesia,,108.26,-6.8436,10402.99,2011-01-16,2011-01-18,News,0,12000,Heavy Rain,1.0,2011
3774,FL-2011-000021-MYS,Malaysia,,104.669,-4.05208,62167.77,2011-01-28,2011-01-31,News,2,20000,Heavy Rain,1.5,2011
3776,,Sri Lanka,,80.5342,8.51316,19891.49,2011-02-01,2011-02-14,News,14,250000,Heavy Rain,1.5,2011
3778,FL-2011-000019-LSO,Lesotho,,28.0783,-29.5025,19634.43,2011-02-01,2011-02-16,News,26,5000,Heavy Rain,1.0,2011
3780,FL-2011-000021-MYS,Malaysia,,102.77,2.65259,36529.58,2011-02-01,2011-02-16,News,0,24000,Heavy Rain,1.0,2011
3790,,Brazil,,-48.1626,-23.783,124445.34,2011-03-12,2011-03-18,News,10,31000,Heavy Rain,1.5,2011
3791,,Namibia,,22.8815,-18.0384,47808.61,2011-03-01,2011-03-18,News,0,4000,Heavy Rain,1.0,2011
3792,,Australia,,122.73,-18.939,114051.18,2011-03-14,2011-03-18,News,0,217,Heavy Rain,2.0,2011
3795,,Thailand,,99.277,8.66649,33575.43,2011-03-23,2011-04-10,News,59,84000,Heavy Rain,2.0,2011
3796,,Indonesia,,98.9728,3.32971,23979.38,2011-03-31,2011-04-01,News,0,400,Heavy Rain,1.0,2011
3797,,Malaysia,,100.482,6.08029,31580.94,2011-03-31,2011-04-01,News,0,4230,Heavy Rain,1.0,2011
3798,,Namibia,Angola,20.642,-18.1881,102874.48,2011-03-15,2011-04-19,News,62,10000,Heavy Rain,1.5,2011
3803,,Tanzania,,37.5593,-6.64778,137262.92,2011-04-09,2011-05-19,News,8,9000,Heavy Rain,1.5,2011
3804,,Syria,,41.5757,36.8808,7088.55,2011-04-23,2011-04-25,News,5,0,Heavy Rain,1.0,2011
3806,,Columbia,,-73.2916,3.72167,270433.59,2011-04-01,2011-05-19,News,0,29000,Heavy Rain,1.0,2011
3809,,USA,,-90.8266,34.0959,239421.33,2011-05-01,2011-06-09,News,1,25000,Heavy Rain,2.0,2011
3812,,Canada,USA,-73.0141,45.6264,5274.09,2011-05-04,2011-06-09,News,0,1300,Heavy Rain,2.0,2011
3817,,Haiti,Dominican Republic,-71.9966,18.5965,1115.2,2011-06-04,2011-06-13,News,23,250,Heavy Rain,1.0,2011
3818,,Algeria,,2.8095,32.7048,191002.27,2011-06-03,2011-06-06,News,4,0,Heavy Rain,1.0,2011
3819,,Canada,,-96.8541,52.2558,5634.34,2011-06-01,2011-07-06,News,0,700,Heavy Rain,1.0,2011
3820,,Philippines,,125.208,8.30634,71700.83,2011-06-05,2011-06-21,News,15,15000,Heavy Rain,1.5,2011
3822,,Columbia,,-74.1581,5.69693,236086.96,2011-06-02,2011-06-13,News,464,0,Heavy Rain,1.5,2011
3824,,Australia,,152.081,-29.8414,98203.33,2011-06-11,2011-06-21,News,0,2000,Heavy Rain,1.0,2011
3828,,China,,102.561,36.9861,115468.68,2011-06-15,2011-06-21,News,0,2000,Heavy Rain,1.5,2011
3829,,Ivory Coast,,-3.23691,5.96536,14448.97,2011-06-15,2011-06-21,News,0,500,Heavy Rain,1.0,2011
3830,,Philippines,,126.05,7.39811,6361.93,2011-06-28,2011-06-29,News,25,0,Heavy Rain,1.5,2011
3831,,Russia,,134.953,48.8518,189593.05,2011-06-15,2011-06-29,News,0,120,Heavy Rain,1.0,2011
3832,,USA,Canada,-101.306,48.3406,16000.97,2011-06-20,2011-07-06,News,0,16000,Heavy Rain,2.0,2011
3836,,Dominican Republic,Haiti,-70.9765,18.855,43197.43,2011-07-02,2011-07-06,News,4,4000,Heavy Rain,1.5,2011
3839,,Nigeria,,8.6417,12.5947,103000.35,2011-07-15,2011-07-22,News,13,1000,Heavy Rain,1.5,2011
3840,,Brazil,,-38.1133,-8.65047,200669.11,2011-07-15,2011-07-22,News,10,3000,Heavy Rain,1.0,2011
3844,,Ghana,,-0.452256,7.84386,55103.28,2011-07-22,2011-07-29,News,6,12571,Heavy Rain,1.0,2011
3846,,Brazil,,-52.6403,-30.343,129795.35,2011-07-23,2011-07-29,News,10,20000,Heavy Rain,1.5,2011
3847,,South Korea,North Korea,126.872,37.8507,17840.77,2011-07-27,2011-08-09,News,53,29000,Heavy Rain,2.0,2011
3855,,Kenya,,35.5731,0.125662,20554.78,2011-08-15,2011-09-08,News,8,4000,Heavy Rain,1.5,2011
3862,,Niger,,4.55533,14.9509,74520.09,2011-08-10,2011-09-08,News,7,5000,Heavy Rain,1.5,2011
3863,,Uganda,Kenya,33.6678,1.66044,37846.35,2011-08-20,2011-09-08,News,31,0,Heavy Rain,1.5,2011
3865,,Sudan,,25.5621,13.0931,21720.21,2011-08-28,2011-09-08,News,0,1000,Heavy Rain,1.0,2011
3869,,Algeria,,1.70027,29.5654,288785.08,2011-10-01,2011-10-02,News,10,200,Heavy Rain,1.0,2011
3878,,Indonesia,,100.378,1.69854,11294.19,2011-11-27,2011-11-30,News,0,500,Heavy Rain,1.0,2011
3879,,Australia,,149.372,-29.4584,45037.95,2011-11-27,2011-12-22,News,1,60,Heavy Rain,1.0,2011
3881,,Kenya,,36.1168,0.385821,9789.33,2011-11-29,2011-12-22,News,24,98000,Heavy Rain,1.5,2011
3886,,Tanzania,,39.0377,-6.91704,5900.64,2011-12-20,2011-12-22,News,13,0,Heavy Rain,2.0,2011
3887,,Sri Lanka,,80.4521,9.30406,2560.88,2011-12-17,2011-12-22,News,0,11000,Heavy Rain,1.0,2011
3890,FL-2012-000003-BRA,Brazil,,-43.4893,-19.4637,416574.71,2012-01-01,2012-01-09,News,8,14000,Heavy Rain,1.0,2012
3891,,Angola,,15.4558,-6.28412,45582.67,2011-12-15,2012-01-09,News,0,5500,Heavy Rain,1.0,2011
3893,,Fiji,,178.076,-17.784,4927.68,2012-01-22,2012-02-06,News,8,3500,Heavy Rain,1.5,2012
3898,,Philippines,,122.12,7.15665,869.906,2012-02-12,2012-02-14,News,0,13327,Heavy Rain,1.5,2012
3901,,Nigeria,Camaroun,12.8074,9.85967,50438.09,2012-02-20,2012-02-27,News,5,300,Heavy Rain,1.0,2012
3903,FL-2012-000032-BOL,Brazil,Bolivia,-67.9865,-10.4897,172063.87,2012-02-20,2012-03-26,News,3,89000,Heavy Rain,2.0,2012
3905,,USA,,-159.53,22.0625,2046.16,2012-03-04,2012-03-07,News,0,83,Heavy Rain,1.5,2012
3906,FL-2012-000037-PSE,Gaza,,34.4615,31.4583,594.251,2012-03-04,2012-03-07,News,0,1200,Heavy Rain,1.0,2012
3908,,Tanzania,,34.7926,-1.83097,6851.66,2012-03-01,2012-03-07,News,10,0,Heavy Rain,1.0,2012
3910,,Ecuador,,-79.4951,-0.5987,39793.06,2012-03-01,2012-03-26,News,10,4700,Heavy Rain,1.5,2012
3911,,Chile,,-69.408,-52.8256,88870.6,2012-03-01,2012-03-15,News,0,1000,Heavy Rain,1.5,2012
3912,,Fiji,,178.017,-17.7982,5579.97,2012-03-29,2012-04-18,News,6,14000,Heavy Rain,2.0,2012
3915,,Haiti,Dominican Republic,-72.5821,19.4433,35151.93,2012-04-08,2012-04-26,News,9,11000,Heavy Rain,1.5,2012
3917,,Kenya,,36.2141,-2.44123,117773.22,2012-04-09,2012-04-26,News,0,50,Heavy Rain,1.0,2012
3918,,Rwanda,,29.3596,-1.40095,43617.54,2012-04-09,2012-04-18,News,2,300,Heavy Rain,1.0,2012
3922,,Columbia,,-73.0738,3.606,74036.01,2012-04-20,2012-04-26,News,17,56000,Heavy Rain,1.5,2012
3925,,Brazil,,-62.0228,-3.64908,127883.42,2012-05-01,2012-05-07,News,0,3000,Heavy Rain,2.0,2012
3926,,China,,106.493,32.4515,1056107.69,2012-05-08,2012-05-16,News,53,185000,Heavy Rain,1.5,2012
3927,,Tanzania,,30.7909,-2.41184,45092.49,2012-05-13,2012-05-16,News,0,300,Heavy Rain,1.0,2012
3930,,Uganda,,33.3224,1.00099,43315.84,2012-05-20,2012-05-29,News,0,3000,Heavy Rain,1.0,2012
3931,,Russia,,157.95,68.0009,22717.12,2012-05-20,2012-05-29,News,0,1000,Heavy Rain,1.5,2012
3932,FL-2012-000083-HND,Honduras,,-86.5954,14.1478,6519.13,2012-05-22,2012-05-29,News,0,500,Heavy Rain,1.0,2012
3933,,Canada,,-132.089,61.4228,673741.48,2012-06-06,2012-06-12,News,0,0,Heavy Rain,1.0,2012
3935,,Philippines,,124.785,6.87373,23515.69,2012-06-08,2012-06-12,News,1,700,Heavy Rain,1.0,2012
3946,,Moldava,,28.8071,46.8848,9902.76,2012-07-08,2012-07-09,News,0,400,Heavy Rain,1.5,2012
3947,FL-2012-000114-JPN,Japan,,130.566,33.424,7922.95,2012-07-04,2012-07-16,News,28,3000,Heavy Rain,2.0,2012
3954,,Nigeria,,8.0195,10.5918,45292.27,2012-07-22,2012-07-25,News,50,2000,Heavy Rain,1.5,2012
3955,,North Korea,,126.027,38.7791,33081.58,2012-07-20,2012-08-06,News,169,63000,Heavy Rain,2.0,2012
3957,,Costa Rica,,-81.1113,8.79605,20820.98,2012-07-28,2012-07-30,News,1,1500,Heavy Rain,1.0,2012
3958,,China,,110.85,34.7959,100600.98,2012-07-25,2012-07-30,News,0,40000,Heavy Rain,1.5,2012
3967,,Niger,,3.88146,14.6081,75976.73,2012-08-06,2012-09-07,News,52,125000,Heavy Rain,1.5,2012
3968,FL-2012-000150-SDN,South Sudan,Sudan,30.2188,9.69113,456058.52,2012-08-01,2012-08-29,News,32,154000,Heavy Rain,1.5,2012
3976,,Nigeria,Camaroun,12.1089,9.30166,96830.55,2012-08-25,2012-09-26,News,127,20000,Heavy Rain,1.5,2012
3980,,Uganda,,32.726,2.65647,57981.45,2012-08-20,2012-09-07,News,0,15000,Heavy Rain,1.0,2012
3981,,Kenya,,35.8295,1.36637,18459.66,2012-08-15,2012-09-07,News,0,3000,Heavy Rain,1.0,2012
3982,,The Gambia,,-16.1515,13.4093,4747.33,2012-09-02,2012-09-07,News,0,41,Heavy Rain,1.0,2012
3986,,China,,107.186,30.3813,56959.95,2012-09-09,2012-09-18,News,7,0,Heavy Rain,1.5,2012
3988,,Nigeria,,6.33994,5.50441,12538.4,2012-09-15,2012-10-29,News,148,64000,Heavy Rain,2.0,2012
3989,,USA,,-149.932,63.1691,8846.21,2012-09-20,2012-09-26,News,0,2000,Heavy Rain,1.0,2012
3990,,United Kingdom,,-2.13086,54.4062,8507.0,2012-09-23,2012-09-26,News,0,1500,Heavy Rain,1.0,2012
3991,,South Sudan,Sudan,29.586,9.56942,138743.9,2012-09-07,2012-10-03,News,15,3000,Heavy Rain,1.0,2012
3992,,Somalia,,44.8967,4.94456,13753.99,2012-09-22,2012-10-03,News,6,12200,Heavy Rain,1.5,2012
3994,,Niger,,2.95649,14.316,121035.65,2012-09-15,2012-10-15,News,91,0,Heavy Rain,1.0,2012
3995,,Chad,,20.5066,11.0786,86061.68,2012-09-15,2012-10-15,News,0,17000,Heavy Rain,1.0,2012
3998,,Canada,,-84.5569,48.3513,1592.26,2012-10-25,2012-10-29,News,0,700,Heavy Rain,1.5,2012
3999,,South Africa,,26.5615,-32.9367,14489.12,2012-10-24,2012-10-29,News,12,0,Heavy Rain,1.5,2012
4002,,Malaysia,,102.61,2.87071,55785.44,2012-11-04,2012-11-08,News,0,4000,Heavy Rain,1.0,2012
4007,,Argentina,,-59.6252,-27.5025,377212.55,2012-11-20,2012-12-04,News,6,10000,Heavy Rain,1.5,2012
4009,,United Kingdom,,-1.19371,53.4569,106806.88,2012-11-20,2012-12-18,News,4,1700,Heavy Rain,1.0,2012
4010,,Sri Lanka,,80.7759,7.97653,49084.64,2012-12-16,2012-12-18,News,9,6000,Heavy Rain,1.5,2012
4011,,South Africa,,30.1336,-30.568,21010.51,2012-12-11,2012-12-13,News,3,10,Heavy Rain,1.0,2012
4013,,Indonesia,,121.883,-3.86702,67600.2,2013-01-03,2013-01-10,News,8,1000,Heavy Rain,1.0,2013
4016,,Philippines,,125.308,7.25699,51781.98,2013-01-04,2013-01-10,News,0,3180,Heavy Rain,1.0,2013
4018,,Sri Lanka,,80.9219,7.59777,26063.39,2013-01-08,2013-01-17,News,52,56747,Heavy Rain,1.5,2013
4019,,Palestine,Syria,36.4502,32.8398,29142.93,2013-01-08,2013-01-10,News,2,1600,Heavy Rain,1.5,2013
4021,,Malawi,,35.2027,-15.6178,20095.7,2012-11-15,2013-01-22,News,3,3000,Heavy Rain,1.0,2012
4022,,Kenya,,36.5172,0.058024,71113.05,2013-01-13,2013-01-17,News,20,400,Heavy Rain,1.0,2013
4023,,Mozambique,Zimbabwe,32.6773,-24.8006,83155.21,2013-01-17,2013-03-04,News,135,170000,Heavy Rain,1.5,2013
4026,Fl-2013-000014-BWA,Botswana,South Africa,25.0646,-20.3766,198590.48,2013-01-15,2013-02-01,News,0,400,Heavy Rain,1.5,2013
4027,,Peru,Bolivia,-69.094,-20.3461,577782.56,2013-02-08,2013-02-12,News,31,2400,Heavy Rain,2.0,2013
4028,FL-2013-000017-PNG,Papua New Guinea,,144.477,-5.88736,245461.58,2012-12-01,2013-02-12,News,0,500,Heavy Rain,1.0,2012
4029,,Indonesia,,100.565,0.733498,21653.62,2013-02-16,2013-02-18,News,0,3452,Heavy Rain,1.0,2013
4030,,Indonesia,,124.508,1.0256,28873.67,2013-02-16,2013-02-18,News,17,0,Heavy Rain,1.0,2013
4032,,Indonesia,,104.265,-2.41871,4201.51,2013-02-20,2013-03-04,News,0,1000,Heavy rain,1.5,2013
4035,,Thailand,,101.308,6.46589,9339.75,2013-02-25,2013-03-04,News,0,130,Heavy Rain,1.0,2013
4036,,Macedonia,,21.5776,42.0408,3700.4,2013-02-25,2013-03-04,News,1,1200,Heavy Rain,1.0,2013
4037,,Namibia,,22.6244,-17.8146,100905.17,2013-03-01,2013-03-17,News,0,10000,Heavy Rain,1.0,2013
4038,,Spain,,-2.94021,37.8967,12282.15,2013-03-13,2013-03-17,News,0,200,Heavy Rain,1.0,2013
4039,,France,,2.54269,43.2579,5910.43,2013-03-09,2013-03-17,News,1,1200,Heavy Rain,1.0,2013
4040,,Portugal,,-25.5351,37.8419,2985.69,2013-03-14,2013-03-17,News,0,30,Heavy Rain,1.0,2013
4041,,Peru,Bolivia,-70.9926,-16.5124,740437.68,2013-03-10,2013-03-17,News,0,3000,Heavy Rain,1.5,2013
4043,,Kenya,Uganda,36.718,2.46174,73170.41,2013-03-28,2013-04-29,News,63,18633,Heavy Rain,1.5,2013
4044,,South Sudan,,31.2168,6.06426,215662.54,2013-03-25,2013-04-03,News,0,12000,Heavy Rain,1.5,2013
4047,,Albania,,19.6182,42.0043,3304.87,2013-03-15,2013-04-12,News,0,2800,Heavy Rain,1.0,2013
4048,,Somalia,,45.7365,3.38671,27293.22,2013-04-05,2013-04-29,News,0,4000,Heavy Rain,1.0,2013
4049,,Saudi Arabia,Oman,52.3938,22.7624,814307.06,2013-04-25,2013-05-16,News,0,0,Heavy Rain,1.0,2013
4050,,USA,,-88.6401,38.8278,493136.77,2013-04-22,2013-04-29,News,5,300,Heavy Rain,1.5,2013
4055,,Somalia,,43.6553,2.16964,243476.26,2013-05-01,2013-05-16,News,7,50000,Heavy Rain,2.0,2013
4060,,USA,,-98.8879,28.899,33907.85,2013-05-25,2013-05-28,News,3,300,Heavy Rain,2.0,2013
4061,,USA,,-93.3867,41.9211,123500.44,2013-05-25,2013-06-03,News,0,400,Heavy Rain,1.0,2013
4063,,Germany,Czech Republic,12.1089,49.1358,241203.7,2013-05-28,2013-06-18,News,8,3000,Heavy Rain,2.0,2013
4066,,New Zealand,,170.669,-44.3589,42497.49,2013-06-15,2013-06-18,News,0,0,Heavy Rain,1.5,2013
4068,,Canada,,-109.647,51.2434,307926.47,2013-06-20,2013-06-27,News,3,100000,Heavy Rain,2.0,2013
4071,,China,,104.022,30.4563,419827.15,2013-07-05,2013-07-15,News,200,100000,Heavy Rain,1.5,2013
4074,,North Korea,,126.319,39.6151,21695.38,2013-07-10,2013-07-15,News,2,760,Heavy Rain,1.0,2013
4075,,Paraguay,,-57.6536,-24.146,131222.52,2013-07-04,2013-07-15,News,0,52000,Heavy Rain,1.5,2013
4076,,Kenya,,35.2088,1.66076,9047.26,2013-08-05,2013-08-07,News,0,5000,Heavy Rain,1.0,2013
4077,,Sudan,,28.9896,13.6883,1004638.92,2013-08-01,2013-08-21,News,11,100000,Heavy Rain,1.5,2013
4078,,Pakistan,Afghanistan,70.6377,32.8144,549425.38,2013-08-01,2013-08-07,News,135,81000,Heavy Rain,1.5,2013
4079,,Russia,China,128.424,50.0043,102479.27,2013-08-01,2013-08-07,News,0,1500,Heavy Rain,2.0,2013
4081,,Burma/Myanmar,Thailand,98.1556,18.3122,125250.85,2013-07-25,2013-08-07,News,1,34000,Heavy Rain,1.5,2013
4097,,Peru,,-76.1873,-8.5735,253520.53,2013-10-11,2013-10-14,News,0,1100,Heavy Rain,1.5,2013
4094,,South Sudan,,28.8241,7.73724,172574.26,2013-10-08,2013-10-14,News,0,3300,Heavy Rain,1.0,2013
4098,,India,,85.9321,24.7174,102661.14,2013-10-12,2013-11-10,News,7,0,Heavy Rain,1.5,2013
4099,,South Sudan,,31.7933,7.33928,111000.43,2013-11-03,2013-11-19,News,0,100,Heavy Rain,1.0,2013
4103,,Vietnam,,107.706,15.5821,48985.15,2013-11-14,2013-11-19,News,41,80000,Heavy Rain,1.5,2013
4108,,Niger,,13.2017,15.0103,65791.14,2013-11-03,2013-12-08,News,0,1000,Heavy Rain,1.0,2013
4111,,United Kingdom,Ireland,-1.51144,53.2732,126149.79,2013-12-27,2014-02-07,News,0,200,Heavy Rain,1.5,2013
4112,,Indonesia,,97.2893,4.48013,22524.63,2013-12-29,2014-01-04,News,0,4500,Heavy Rain,1.0,2013
4113,FL-2013-000157-BRA,Brazil,,-41.9423,-18.9538,314284.91,2013-12-23,2014-01-04,News,45,60000,Heavy Rain,2.0,2013
4114,FL-2013-000159-LCA,Saint Vincent,St. Lucia,-60.9886,13.9188,830.232,2013-12-26,2014-01-04,News,11,0,Heavy Rain,1.0,2013
4115,,USA,,-86.7899,37.5597,16069.91,2013-12-22,2014-01-04,News,5,0,Heavy Rain,1.0,2013
4116,,Peru,,-71.5232,-12.4186,74144.66,2014-01-01,2014-01-04,News,0,300,Heavy Rain,1.0,2014
4117,FL-2014-000008-BOL,Bolivia,,-64.0135,-13.3888,381576.65,2014-01-10,2014-05-01,News,60,84000,Heavy Rain,2.0,2014
4118,,Zimbawe,,30.8531,-17.2057,142586.1,2014-01-15,2014-02-07,News,0,0,Heavy Rain,1.5,2014
4119,,Zimbawe,,28.9231,-20.2044,72462.23,2014-01-15,2014-02-07,News,0,4000,Heavy Rain,1.5,2014
4121,,Indonesia,,107.706,-6.6324,35769.22,2014-01-08,2014-02-07,News,23,20000,Heavy Rain,1.5,2014
4122,,France,Italy,7.0993,43.9958,82989.45,2014-01-20,2014-02-07,News,4,1000,Heavy Rain,1.5,2014
4123,,Mozambique,,31.5459,-24.4459,481907.88,2014-02-24,2014-03-10,News,4,20000,Heavy Rain,1.0,2014
4125,,New Zealand,,172.613,-43.4538,1015.84,2014-03-03,2014-03-10,News,0,80,Heavy Rain,2.0,2014
4127,FL-2014-000030-PRY,Paraguay,,-57.5833,-25.2205,6829.57,2014-02-25,2014-03-10,News,0,2000,Heavy Rain,1.0,2014
4129,,USA,,-89.1282,31.4244,53220.79,2014-03-25,2014-03-30,News,0,200,Heavy Rain,1.5,2014
4131,FL-2014-000038-ZAF,South Africa,Namibia,25.6074,-21.5153,1037639.19,2014-03-01,2014-03-30,News,37,3528,Heavy Rain,1.5,2014
4132,FL-2014-000045-SLB,Solomon Islands,,160.342,-9.67763,5480.75,2014-04-01,2014-04-08,News,23,10000,Heavy Rain,2.0,2014
4133,,Argentina,,-70.2984,-38.3652,69876.78,2014-04-01,2014-04-08,News,0,2000,Heavy Rain,1.5,2014
4134,,USA,,-87.6188,31.8585,82418.56,2014-04-01,2014-04-08,News,2,300,heavy Rain,1.5,2014
4139,,Serbia,Bosnia,19.2236,44.56,115747.69,2014-05-12,2014-05-16,News,3,4000,Heavy Rain,2.0,2014
4140,,Tanzania,,38.9442,-7.66435,22249.34,2014-05-10,2014-05-16,News,0,22000,Heavy Rain,1.0,2014
4142,FL-2014-000063-TJK,Tajikistan,,69.3787,38.4853,41719.46,2014-05-10,2014-05-16,News,0,425,Heavy Rain,1.5,2014
4143,FL-2014-000062-CHN,China,,111.467,27.3821,205001.27,2014-05-12,2014-05-16,News,1,10000,Heavy Rain,2.0,2014
4144,,Afghanistan,,68.0178,35.6352,44203.93,2014-06-03,2014-06-10,News,0,300,Heavy Rain,1.5,2014
4146,,China,,113.342,23.2652,45994.3,2014-05-30,2014-06-10,News,6,500,Heavy Rain,1.0,2014
4152,,USA,,-94.7944,42.708,418317.13,2014-06-10,2014-07-14,News,0,600,Heavy Rain,2.0,2014
4153,,Philippines,,124.73,6.7719,15356.31,2014-06-17,2014-06-25,News,0,35000,Heavy Rain,1.0,2014
4156,,Thailand,,99.739,19.8258,15921.63,2014-07-11,2014-07-14,News,0,500,Heavy Rain,1.0,2014
4157,,New Zealand,,174.068,-35.6989,8581.24,2014-07-05,2014-07-14,News,0,0,Heavy Rain,1.0,2014
4158,,Sudan,,33.08,13.3883,137141.28,2014-07-07,2014-07-14,News,0,42400,Heavy Rain,1.5,2014
4159,,Brazil,,-59.5597,-2.92934,256564.57,2014-05-22,2014-07-29,News,0,0,Heavy Rain,2.0,2014
4163,,Brazil,Uruguay,-58.0256,-32.3467,44866.46,2014-07-03,2014-07-29,News,10,50000,Heavy Rain,2.0,2014
4164,,South Sudan,Sudan,31.0015,10.2137,641087.55,2014-07-20,2014-09-08,News,77,112000,Heavy Rain,1.5,2014
4166,,Russia,,156.129,62.7394,224475.55,2014-07-22,2014-07-29,News,0,0,Heavy Rain,2.0,2014
4168,,Papua New Gunea,,143.399,-6.06802,51770.21,2014-07-20,2014-07-29,News,4,0,Heavy Rain,1.5,2014
4175,,Niger,,6.40648,16.3273,350748.91,2014-08-13,2014-08-19,News,12,10000,Heavy Rain,1.0,2014
4181,,Panama,,-80.9628,8.23894,22658.51,2014-08-18,2014-09-04,News,9,116,Heavy Rain,1.0,2014
4186,,South Sudan,,32.9068,6.94173,143087.31,2014-09-21,2014-10-11,News,7,3000,Heavy Rain,1.0,2014
4193,,Nicaragua,,-85.6393,12.6289,79061.87,2014-10-09,2014-10-11,News,1,50,Heavy Rain,1.5,2014
4196,,South Sudan,,31.1747,6.69427,388189.52,2014-10-15,2014-10-27,News,4,140,Heavy Rain,1.0,2014
4201,,Somalia,Ethiopia,45.2538,4.13428,42635.81,2014-10-24,2014-11-16,News,0,21000,Heavy Rain,1.5,2014
4203,,France,,5.09507,44.2452,36709.07,2014-11-13,2014-11-16,News,5,0,Heavy Rain,1.5,2014
4204,,Indonesia,,100.753,-1.02615,57442.62,2014-11-14,2014-11-16,News,0,2400,Heavy Rain,1.0,2014
4207,FL-2014-000159-MAR,Morocco,,-5.61886,31.5566,273693.63,2014-11-24,2014-12-05,News,40,0,Heavy Rain,2.0,2014
4211,,Bulgaria,Greece,27.7106,41.4579,147616.57,2014-12-04,2014-12-14,News,40,1000,Heavy Rain,1.5,2014
4214,FL-2014-000163-COL,Colombia,,-75.544,4.59198,406009.51,2014-11-01,2014-12-20,News,44,0,Heavy Rain,1.5,2014
4218,,Australia,,127.056,-19.1872,1519623.45,2015-01-05,2015-01-11,News,1,0,Heavy Rain,1.5,2015
4219,FL-2015-000006-MWI,Malawi,Mozambique,35.3564,-18.7946,485939.39,2015-01-01,2015-02-09,News,276,336000,Heavy Rain,2.0,2015
4220,FL-2015-000008-BOL,Bolivia,,-63.7661,-16.4638,137629.71,2015-01-05,2015-02-09,News,23,1000,Heavy Rain,1.5,2015
4221,FL-2015-000009-ALB,Greece,Albania,26.5972,41.4571,151104.52,2015-02-01,2015-02-09,News,3,500,Heavy Rain,1.5,2015
4222,,Indonesia,,122.862,0.686073,18063.44,2015-02-05,2015-02-09,News,0,300,Heavy Rain,1.0,2015
4227,,Dominican Republic,,-69.8035,19.3285,11588.13,2015-02-20,2015-02-24,News,0,12000,Heavy Rain,1.0,2015
4228,,Argentina,,-63.5929,-32.3809,349365.45,2015-02-15,2015-02-24,News,7,700,Heavy Rain,1.5,2015
4229,,Mexico,,-103.43,19.4811,60978.86,2015-03-13,2015-03-23,News,0,800,Heavy Rain,1.0,2015
4230,,USA,,-86.2332,37.0268,56870.12,2015-03-10,2015-03-23,News,0,0,Heavy Rain,1.5,2015
4235,,Brazil,,-67.725,-7.68508,168905.06,2015-03-15,2015-03-23,News,0,280,Heavy Rain,1.5,2015
4236,,Kenya,Tanzania,35.1089,0.04848,32934.83,2015-04-05,2015-04-15,News,13,6500,Heavy Rain,1.5,2015
4237,,Brazil,,-68.9127,-9.12272,173696.63,2015-02-23,2015-04-15,News,0,10000,Heavy Rain,1.0,2015
4238,FL-2015-000027-CHL,Chile,,-68.888,-22.3617,154773.16,2015-03-25,2015-04-08,News,27,2514,Heavy Rain,2.0,2015
4239,FL-2015-000029-IND,India,,76.4058,33.1767,70287.98,2015-03-20,2015-03-31,News,44,2907,Heavy Rain,1.5,2015
4241,,Madagascar,,47.0106,-18.1557,68755.39,2015-03-05,2015-04-15,News,0,25000,Heavy Rain,1.5,2015
4243,,Haiti,,-72.1912,18.685,3672.34,2015-04-04,2015-04-06,News,6,1000,Heavy Rain,1.0,2015
4244,,Australia,,150.612,-33.3812,175487.07,2015-04-20,2015-04-28,News,4,1000,Heavy Rain,2.0,2015
4246,,Brazil,,-67.7993,-6.97805,450353.51,2015-04-01,2015-05-02,News,5,1000,Heavy Rain,1.5,2015
4248,FL-2015-000049-KEN,Kenya,,36.2471,-0.795186,20432.58,2015-04-27,2015-05-02,News,13,3000,Heavy Rain,1.5,2015
4249,FL-2015-000057-CHN,China,,114.981,27.0326,247569.94,2015-05-13,2015-06-29,News,57,82000,Heavy Rain,1.5,2015
4250,FL-2015-000056-COL,Columbia,,-74.5048,5.70693,140968.57,2015-05-01,2015-05-21,News,58,200,Heavy Rain,2.0,2015
4252,FL-2015-000060-USA,USA,,-97.9863,34.1936,849464.57,2015-05-05,2015-06-29,News,38,600,Heavy Rain,2.0,2015
4253,,New Zealand,,175.355,-41.092,7484.07,2015-05-13,2015-05-21,News,1,100,Heavy Rain,1.5,2015
4254,,Tanzania,,36.8905,-5.06017,194128.66,2015-05-07,2015-05-21,News,12,5000,Heavy Rain,1.5,2015
4255,,Chile,,-72.9212,-44.1033,224189.77,2015-05-17,2015-05-21,News,0,100,Heavy Rain,1.5,2015
4257,,Romania,,22.8609,46.8147,19785.35,2015-05-25,2015-06-02,News,1,184,Heavy Rain,1.0,2015
4258,,Russia,,81.5277,58.1901,242622.13,2015-05-15,2015-06-02,News,0,1200,Heavy Rain,1.0,2015
4264,,New Zealand,,175.231,-39.8648,8948.6,2015-06-22,2015-06-29,news,0,100,Heavy Rain,1.5,2015
4267,,USA,,-84.7486,39.3942,161572.75,2015-06-27,2015-06-29,News,2,0,Heavy Rain,1.0,2015
4269,,Costa Rica,,-83.8331,10.1743,16754.38,2015-06-21,2015-06-29,News,0,700,Heavy Rain,1.5,2015
4271,FL-2015-000076-CMR,Camaroun,,9.88421,3.94741,4726.19,2015-06-22,2015-06-29,News,0,3000,Heavy Rain,1.0,2015
4275,,Guyana,,-58.7431,6.66576,30931.23,2015-07-16,2015-07-21,News,0,0,Heavy Rain,1.5,2015
4276,,Brazil,,-50.751,-25.5689,690931.31,2015-07-10,2015-07-21,News,3,1000,Heavy Rain,1.0,2015
4281,,Paraguay,,-58.273,-25.0451,28652.69,2015-07-25,2015-08-05,News,0,3700,Heavy Rain,1.5,2015
4285,,Guinea,,-13.4378,10.0395,22455.5,2015-07-26,2015-08-05,News,4,0,Heavy Rain,1.0,2015
4289,,Uruguay,,-55.6997,-32.6329,63707.6,2015-08-17,2015-08-19,News,0,4158,Heavy Rain,1.5,2015
4290,FL-2015-000110-ARG,Argentina,,-59.8071,-35.1086,133852.96,2015-08-10,2015-08-19,News,3,11000,Heavy Rain,1.0,2015
4291,,Niger,,2.49701,14.8417,686734.83,2015-07-25,2015-08-19,News,4,3000,Heavy Rain,1.5,2015
4294,,Nigeria,,11.5284,9.95267,186816.02,2015-08-30,2015-09-11,News,30,2000,Heavy Rain,1.5,2015
4298,,New Zealand,,177.922,-38.6637,837.216,2015-09-20,2015-10-01,News,0,0,Heavy Rain,1.0,2015
4301,,"Uruguay,",Brazil,-53.5718,-29.9568,392899.19,2015-10-14,2015-10-28,News,0,10000,Heavy Rain,2.0,2015
4304,FL-2015-000145-SOM,Somalia,Ethiopia,45.4022,4.70359,438557.45,2015-10-15,2015-10-28,News,0,0,Heavy Rain,1.0,2015
4307,,Greece,Macedonia,21.698,39.7609,129124.64,2015-10-21,2015-10-28,News,1,0,Heavy Rain,1.0,2015
4308,,Indonesia,,98.4028,3.66137,56237.12,2015-10-23,2015-10-28,News,0,4000,Heavy Rain,1.0,2015
4311,,USA,,-100.238,33.9839,439381.83,2015-11-26,2015-12-04,News,14,300,Heavy Rain,1.0,2015
4313,,Albania,,19.9659,41.2871,11409.69,2015-11-21,2015-12-04,News,1,300,Heavy Rain,1.0,2015
4314,,USA,,-91.0829,35.6658,526834.76,2015-12-15,2016-01-29,News,31,4000,Heavy Rain,2.0,2015
4315,FL-2015-000171-PRY,Paraguay,Uruguay,-55.8482,-26.0369,574056.99,2015-12-01,2016-01-29,News,12,170000,Heavy Rain,2.0,2015
4316,,Australia,,152.121,-30.3571,66654.94,2015-12-23,2016-01-06,News,0,0,Heavy Rain,1.0,2015
4317,,Kenya,,39.5133,-2.03643,103769.52,2015-12-01,2016-01-06,News,112,100000,Heavy Rain,1.5,2015
4319,,United Kingdom,Ireland,-2.77486,54.9868,36750.19,2015-12-05,2016-01-26,News,3,64000,Heavy Rain,2.0,2015
4321,,Mozambique,,39.4638,-12.351,80571.64,2016-01-05,2016-01-29,News,16,6600,Heavy Rain,1.0,2016
4322,,Brazil,,-43.229,-22.5227,53196.42,2016-01-15,2016-01-29,News,0,500,Heavy Rain,1.0,2016
4323,,Brazil,,-49.5633,-24.107,107923.55,2016-01-09,2016-01-29,News,0,0,Heavy Rain,1.5,2016
4324,FL-2006-000011-TZA,Tanzania,,35.5048,-4.76168,182022.09,2016-01-14,2016-01-29,News,1,400,Heavy Rain,1.0,2016
4325,,Brazil,,-56.442,-17.9555,110514.83,2016-01-05,2016-01-29,News,0,1700,Heavy Rain,1.0,2016
4328,,United Kingdom,,-3.83733,55.1834,14340.11,2016-01-27,2016-01-29,News,0,0,Heavy Rain,1.5,2016
4331,,New Zealand,,172.831,-41.9712,35884.52,2016-02-17,2016-02-23,News,0,0,Heavy Rain,1.5,2016
4332,,Australia,,142.05,-21.5756,108576.38,2016-01-25,2016-02-03,News,0,0,Heavy Rain,1.0,2016
4333,,Angola,,16.0564,-11.5936,277015.44,2016-03-01,2016-03-10,News,30,1544,Heavy Rain,1.0,2016
4334,,Serbia,,21.0546,44.671,16442.45,2016-03-06,2016-03-10,News,0,420,Heavy Rain,1.5,2016
4335,,Bolivia,,-64.929,-12.843,190581.43,2016-02-28,2016-03-10,News,0,120,Heavy Rain,1.0,2016
4336,,USA,,-122.284,38.6065,74128.03,2016-03-05,2016-03-10,News,1,36,Heavy Rain,1.5,2016
4337,,USA,,-96.1058,30.9086,248620.08,2016-03-08,2016-03-25,News,5,3500,Heavy Rain,2.0,2016
4339,FL-2016-000021-PAK,Pakistan,,71.7788,33.0545,111748.39,2016-03-12,2016-04-13,News,121,2400,Heavy Rain,1.5,2016
4340,,Argentina,,-63.1227,-28.5633,199290.0,2016-03-05,2016-03-25,News,0,1600,Heavy Rain,1.0,2016
4341,,Indonesia,,101.669,-1.64626,75626.23,2016-03-21,2016-03-25,News,3,500,Heavy Rain,1.0,2016
4343,,Ethiopia,,41.6907,9.26816,244002.48,2016-04-04,2016-04-13,News,28,2400,Heavy Rain,1.5,2016
4344,,Malawi,,33.8223,-11.5543,57108.65,2016-04-06,2016-04-13,News,10,300,Heavy Rain,1.0,2016
4346,,Uruguay,Argentina,-58.2235,-31.1431,518692.93,2016-04-01,2016-04-13,News,1,10000,Heavy Rain,2.0,2016
4348,,USA,,-95.7347,32.0475,448237.11,2016-04-18,2016-04-22,News,0,7,Heavy Rain,2.0,2016
4350,,Uruguay,,-56.1946,-32.4347,126653.11,2016-04-12,2016-05-11,News,10,10000,Heavy Rain,2.0,2016
4351,,Angola,,13.978,-8.32104,59745.82,2016-04-19,2016-04-22,News,19,3200,Heavy Rain,1.0,2016
4355,,India,Bangladesh,95.6068,27.464,70517.68,2016-04-20,2016-05-01,Flood List,18,3000,Heavy Rain,1.5,2016
4353,,Rwanda,,30.0118,-2.0565,18269.24,2016-05-06,2016-05-11,Flood LIst,49,2000,Heavy Rain,1.5,2016
4354,,Dominican Republic,Haiti,-71.1644,18.9942,23311.63,2016-05-08,2016-05-11,Flood List,5,3000,Heavy Rain,1.5,2016
4356,FL-2016-000044-CHN,China,,112.952,24.7532,197079.53,2016-05-08,2016-06-21,Flood List,60,67000,Heavy Rain,1.5,2016
4357,,Tanzania,,35.9997,-6.89427,84214.63,2016-04-22,2016-05-30,Flood List,5,14000,Heavy Rain,1.5,2016
4359,FL-2016-000056-USA,USA,,-95.5367,30.8574,160371.39,2016-05-26,2016-06-24,Flood List,11,0,Heavy Rain,1.5,2016
4360,,Germany,,10.217,48.4068,91554.92,2016-05-27,2016-05-30,News,4,0,Heavy Rain,1.5,2016
4361,,Ghana,,-1.16503,6.41411,74506.4,2016-06-12,2016-06-21,News,5,0,Heavy Rain,1.0,2016
4362,,Canada,,-123.249,58.2924,176099.51,2016-06-14,2016-06-21,News,0,300,Heavy Rain,1.0,2016
4366,,France,,2.99188,48.0641,121606.09,2016-06-01,2016-06-21,News,4,0,Heavy Rain,2.0,2016
4367,,Australia,,145.663,-25.1971,789275.07,2016-06-19,2016-06-24,News,0,0,Heavy Rain,1.5,2016
4372,,Pakistan,,72.7933,36.1038,31431.28,2016-07-03,2016-07-06,News,30,80,Heavy Rain,1.5,2016
4374,FL-2016-000072-SDN,Sudan,,29.5664,12.0017,541381.54,2016-07-11,2016-08-26,News,114,100000,Heavy Rain,1.0,2016
4377,,Indonesia,,122.305,-3.91272,16148.18,2016-07-11,2016-07-19,News,0,1354,Heavy Rain,1.0,2016
4379,,Australia,,146.752,-41.8093,27186.66,2016-07-13,2016-07-19,News,0,0,Heavy Rain,1.0,2016
4380,FL-2016-000091-NER,Niger,Senegal,5.71366,15.9806,190126.21,2016-06-15,2016-08-26,News,36,5600,Heavy Rain,1.0,2016
4381,,South Africa,,32.2882,-27.595,22841.14,2016-07-25,2016-08-03,News,7,0,Heavy Rain,1.0,2016
4388,,USA,,-91.8005,29.9879,19554.02,2016-08-14,2016-08-26,News,13,40000,Heavy Rain,2.0,2016
4391,,Mali,,5.09507,15.485,41985.87,2016-09-14,2016-09-22,News,0,0,Heavy Rain,1.5,2016
4392,,Mexico,,-93.8047,17.0711,127233.91,2016-09-14,2016-09-22,News,13,600,Heavy Rain,1.0,2016
4399,,Australia,,139.898,-33.2769,634200.41,2016-09-10,2016-09-22,News,1,280,Heavy Rain,1.5,2016
4400,,Canada,,-61.5887,45.5679,17108.71,2016-10-11,2016-10-12,News,0,0,Heavy Rain,1.0,2016
4401,,Mexico,,-104.964,23.6723,22329.12,2016-09-29,2016-10-05,News,5,3000,heavy Rain,1.0,2016
4406,,Ukraine,,31.3479,47.2563,19889.49,2016-10-12,2016-10-16,News,3,200,Heavy Rain,1.0,2016
4408,,Romania,Albania,27.5622,45.151,57182.5,2016-10-09,2016-10-16,News,1,300,Heavy Rain,1.0,2016
4409,,Australia,,140.219,-34.2934,113091.29,2016-10-01,2016-10-16,News,1,0,Heavy Rain,1.0,2016
4412,,Argentina,Uruguay,-55.6697,-34.6637,281856.22,2016-10-10,2016-11-10,News,0,50,Heavy Rain,1.5,2016
4413,,Indonesia,,123.245,0.64869,11225.49,2016-10-23,2016-11-10,News,2,4500,Heavy Rain,1.0,2016
4414,,Mexico,,-99.7926,23.273,322162.36,2016-11-03,2016-11-10,News,2,300,Heavy Rain,1.0,2016
4415,,Haiti,,-72.5871,19.7388,4534.1,2016-11-05,2016-11-10,News,10,0,Heavy Rain,1.0,2016
4416,,Dominican Republic,,-70.1252,18.9199,30798.38,2016-11-07,2016-11-10,News,0,20000,Heavy Rain,1.0,2016
4417,,Albania,Montenegro,19.4463,42.2541,16543.1,2016-11-07,2016-11-10,News,2,300,Heavy Rain,1.5,2016
4421,,Bolivia,,-65.894,-12.843,301195.25,2016-12-03,2016-12-07,News,0,4,Heavy Rain,1.0,2016
4422,,Vietnam,,108.572,12.7304,37984.59,2016-11-30,2016-12-07,News,14,500,Heavy Rain,1.5,2016
4424,,Malaysia,,102.56,5.12197,20485.81,2016-11-28,2016-12-07,News,0,400,Heavy Rain,1.0,2016
4425,,Greece,Turkey,27.3395,38.7051,36417.46,2016-11-26,2016-12-07,News,1,0,Heavy Rain,1.0,2016
4426,,Congo,Angola,14.7203,-5.34759,162268.82,2016-12-25,2017-01-12,News,50,4500,Heavy Rain,1.5,2016
4427,,Argentina,,-59.8071,-33.7708,445992.61,2016-12-26,2017-01-05,News,1,700,Heavy Rain,1.5,2016
4428,,Australia,,133.489,-21.5215,1155717.36,2016-12-25,2017-01-05,News,0,100,Heavy Rain,1.5,2016
4429,FL-2016-000133-VNM,Vietnam,,107.805,15.4331,44341.22,2016-12-13,2017-01-02,News,19,0,Heavy Rain,1.5,2016
4430,,Turkey,,34.2182,38.4787,99220.22,2016-12-28,2017-01-05,News,2,0,Heavy Rain,1.0,2016
4431,,Malaysia,,102.411,4.70029,43580.48,2016-12-31,2017-01-05,News,0,25000,Heavy Rain,1.5,2016
4432,FL-2017-000004-THA,Thailand,,100.061,7.30494,50020.11,2016-12-31,2017-02-07,News,96,1000000,Heavy Rain,1.5,2016
4434,,USA,,-122.458,39.6236,107407.26,2017-01-04,2017-01-05,News,0,0,Heavy Rain,1.5,2017
4435,,Brazil,Argentina,-55.5512,-29.4094,386846.74,2017-01-05,2017-01-21,News,0,0,Heavy Rain,1.0,2017
4436,,Philippines,,125.027,8.08572,46236.69,2017-01-16,2017-01-21,News,4,13559,Heavy Rain,1.0,2017
4437,,Honduras,,-85.3672,15.5805,13364.22,2017-01-07,2017-01-21,News,7,400,Heavy Rain,1.0,2017
4438,,USA,,-119.043,35.0839,74443.11,2017-01-20,2017-01-21,News,0,0,Heavy Rain,1.0,2017
4439,FL-2017-000012-MOZ,Mozambique,,34.5151,-20.7778,128096.69,2017-01-01,2017-02-07,News,6,1200,Heavy Rain,1.5,2017
4440,FL-2017-000010-PHL,Philippines,,124.062,7.59046,30389.11,2017-02-01,2017-02-07,News,13,334000,Heavy Rain,1.5,2017
4441,,Peru,,-77.573,-5.25083,288499.13,2017-02-01,2017-02-07,News,1,12000,Heavy Rain,1.0,2017
4442,,Colombia,,-76.2863,1.6911,117321.46,2017-01-05,2017-02-07,News,0,280,Heavy Rain,1.0,2017
4443,,Malaysia,,102.461,3.93172,78809.78,2017-01-23,2017-02-07,News,0,5000,Heavy Rain,1.0,2017
4444,,USA,,-120.825,38.804,126994.99,2017-02-16,2017-03-03,News,5,14000,Heavy Rain,1.5,2017
4445,,Chile,,-70.2489,-30.9395,183781.03,2017-02-24,2017-03-03,News,3,1200,Heavy Rain,2.0,2017
4447,,Indonesia,,107.162,-7.0293,40253.83,2017-02-21,2017-03-03,News,2,400,Heavy Rain,1.0,2017
4448,,Colombia,,-72.6737,3.72258,128596.78,2017-02-23,2017-03-03,News,1,2000,Heavy Rain,1.0,2017
4450,FL-2017-000018-PER,Peru,,-75.1481,-11.0042,810942.34,2017-02-01,2017-03-22,News,78,70000,Heavy Rain,2.0,2017
4451,,Australia,,150.76,-31.6956,138000.28,2017-03-13,2017-03-22,News,1,0,Heavy Rain,1.0,2017
4452,,Burundi,,29.8386,-1.9573,18863.13,2017-03-16,2017-03-22,News,6,640,Heavy Rain,1.0,2017
4455,FL-2017-000027-NAM,Namibia,,17.0462,-20.5698,248928.28,2017-03-09,2017-03-22,News,0,0,Heavy Rain,1.0,2017
4456,MS-2017-000033-COL,Colombia,,-76.1131,2.18701,28634.32,2017-04-01,2017-04-08,News,314,0,Heavy Rain,2.0,2017
4457,,Angola,,13.6563,-8.71752,24002.58,2017-03-21,2017-04-08,News,11,344,Heavy Rain,1.0,2017
4459,,Bangladesh,,90.6828,24.3178,16281.3,2017-03-30,2017-04-18,News,0,0,Heavy Rain,1.0,2017
4460,,Malawi,,33.8718,-10.3642,24405.78,2017-04-04,2017-04-18,News,4,0,Heavy Rain,1.0,2017
4461,,New Zealand,,176.79,-38.2042,23530.76,2017-04-05,2017-04-21,News,0,2200,Heavy Rain,2.0,2017
4464,FL-2017-000039-ARG,Argentina,,-62.6279,-27.4231,273962.64,2017-04-05,2017-04-21,News,0,0,Heavy Rain,1.5,2017
4466,,Bangladesh,India,89.5446,25.3101,37654.52,2017-04-16,2017-05-02,News,20,0,Heavy Rain,1.0,2017
4468,,USA,,-91.1819,37.5744,482098.66,2017-04-28,2017-05-02,News,0,0,Heavy Rain,1.5,2017
4469,,USA,,-81.5814,34.9912,133033.09,2017-04-26,2017-05-02,News,1,0,Heavy Rain,1.5,2017
4471,,China,,112.952,23.8607,104160.82,2017-05-07,2017-05-15,News,0,7000,Heavy Rain,1.0,2017
4472,,Kenya,,37.8802,-2.87879,55027.86,2017-05-08,2017-05-15,News,13,6000,Heavy Rain,1.0,2017
4473,,Chile,,-69.952,-27.1217,157698.57,2017-05-11,2017-05-15,News,2,3000,Heavy Rain,1.5,2017
4475,,Uruguay,,-57.4317,-31.8884,87427.72,2017-05-25,2017-06-14,News,0,5600,Heavy Rain,1.5,2017
4478,,Guyana,,-59.0153,3.81464,131888.36,2017-05-20,2017-05-25,News,0,100,Heavy Rain,1.5,2017
4479,FL-2017-000067-BRA,Brazil,,-38.2308,-8.09623,266010.35,2017-05-25,2017-06-10,News,7,50000,Heavy Rain,1.5,2017
4481,,Honduras,,-87.2229,13.4982,5489.1,2017-06-10,2017-06-14,News,0,0,Heavy Rain,1.0,2017
4485,,Philippines,,125.249,7.76344,8703.64,2017-06-12,2017-06-14,News,0,0,Heavy Rain,1.0,2017
4486,FL-2017-000078-NER,Niger,,1.11137,13.7015,108198.36,2017-06-13,2017-07-03,News,14,1000,Heavy Rain,1.5,2017
4487,,Chile,,-70.9912,-33.4188,71430.43,2017-06-14,2017-06-20,News,4,50,Heavy Rain,1.0,2017
4495,,Venezuela,,-67.5271,7.83511,122334.47,2017-08-04,2017-08-21,News,0,1080,Heavy Rain,1.5,2017
4497,,Japan,,140.417,39.0201,10724.25,2017-07-22,2017-08-01,News,0,20000,Heavy Rain,1.5,2017
4500,FF-2017-000101-VNM,Vietnam,,105.158,21.6577,23949.6,2017-08-02,2017-08-10,News,12,3600,Heavy Rain,1.0,2017
4502,,Russia,,136.879,47.8978,228750.36,2017-08-07,2017-08-10,News,0,3600,Heavy Rain,1.5,2017
4503,,Germany,,9.92006,52.9946,25766.72,2017-07-25,2017-07-29,News,0,12,Heavy Rain,1.5,2017
4511,,Sudan,South Sudan,29.6159,9.42341,986533.98,2017-08-22,2017-08-26,News,0,0,Heavy Rain,1.0,2017
4512,,Uganda,,33.0057,2.72692,59267.62,2017-08-24,2017-08-26,News,0,2000,Heavy Rain,1.0,2017
4517,FL-2017-000126-NGA,Nigeria,,9.44993,8.16896,86946.56,2017-09-01,2017-09-19,News,0,10000,Heavy Rain,1.0,2017
4519,,Niger,,4.40226,14.6173,184437.33,2017-08-26,2017-09-15,News,44,40000,Heavy Rain,1.0,2017
4525,,Mexico,,-98.308,23.9167,57674.59,2017-09-26,2017-10-07,News,2,800,Heavy Rain,1.5,2017
4526,,China,,113.645,29.6123,283444.21,2017-09-24,2017-10-07,News,8,20000,Heavy Rain,1.5,2017
4529,,Thailand,,100.679,14.5935,101670.34,2017-10-15,2017-11-08,News,10,1000,Heavy Rain,1.5,2017
4531,FL-2017-000160-HND,Nicaragua,Honduras,-87.8662,14.2919,322532.9,2017-10-27,2017-11-08,News,5,150,Heavy Rain,1.5,2017
4532,,India,,79.0039,10.489,50536.26,2017-10-30,2017-11-08,News,4,4000,Heavy Rain,1.5,2017
4534,,Malaysia,,101.026,5.2466,37944.0,2017-11-03,2017-11-08,News,7,10000,Heavy Rain,2.0,2017
4537,,Colombia,,-74.2573,3.12814,50404.63,2017-11-07,2017-11-10,News,4,200,Heavy Rain,1.5,2017
4538,,Indonesia,,109.117,-7.22858,27067.56,2017-11-03,2017-11-11,News,9,12000,Heavy Rain,1.0,2017
4539,,Sri Lanka,,80.637,8.60428,22923.3,2017-11-03,2017-11-13,News,0,1700,Heavy Rain,1.0,2017
4543,,United Kingdom,Ireland,-6.85603,53.1025,29421.03,2017-11-22,2017-11-26,News,0,100,Heavy Rain,1.0,2017
4545,,Malaysia,,102.362,5.22121,30370.85,2017-11-25,2017-11-29,News,2,13000,Heavy Rain,1.0,2017
4546,,Thailand,,100.184,8.34648,77766.75,2017-11-25,2017-12-17,News,5,0,Heavy Rain,1.0,2017
4547,,Unitd Kingdom,Ireland,-1.88259,54.1661,40143.76,2017-11-22,2017-11-25,News,0,100,Heavy Rain,1.5,2017
4549,,Australia,,144.772,-36.0305,128861.85,2017-12-01,2017-12-05,News,0,50,Heavy Rain,1.0,2017
4551,,Italy,,10.5881,45.457,27560.36,2017-12-12,2017-12-13,News,0,1000,Heavy Rain,1.5,2017
4562,,Paraguay,,-57.5988,-25.312,2924.11,2018-01-13,2018-01-22,News,0,5000,Heavy Rain,1.0,2018
4564,,Mozambique,,38.8205,-14.5323,186617.34,2018-01-14,2018-02-21,FloodLIst and GLIDE,14,28000,Heavy Rain,1.5,2018
4565,,Burundi,,29.987,-3.46966,18675.08,2018-01-14,2018-01-24,FloodList,0,2000,Heavy Rain,1.0,2018
4566,,France,,1.60624,48.5107,72015.73,2018-01-24,2018-01-29,FloodList,0,1000,Heavy Rain,1.5,2018
4567,,Malaysia,,113.447,3.13294,74295.74,2018-02-03,2018-02-12,FloodList,0,4900,Heavy Rain,1.0,2018
4569,FL-2018-000014-ARG,Argentina,,-63.2465,-24.4842,234622.64,2018-02-01,2018-02-21,FloodList and News,0,10000,Heavy Rain,1.5,2018
4570,,Malawi,,33.847,-10.3514,25660.35,2018-02-01,2018-02-14,FloodList,1,300,Heavy Rain,1.0,2018
4571,,USA,,-84.2042,37.4097,49388.31,2018-02-10,2018-02-12,News,0,100,Heavy Rain,1.0,2018
4573,FL-2018-000018-MOZ,Mozambique,,33.5748,-24.7196,97822.73,2018-02-19,2018-02-21,FloodList,17,300,Heavy Rain,1.0,2018
4577,FL-2018-000015-BOL,Bolivia,,-64.0135,-14.4053,245647.66,2018-02-10,2018-02-21,News,6,12000,Heavy Rain,1.5,2018
4579,,Australia,,145.218,-17.0152,105583.27,2018-03-05,2018-03-26,FloodList,0,100,Heavy Rain,1.5,2018
4583,,Greece,,22.5392,39.6868,4560.39,2018-02-26,2018-03-02,FloodLIst,0,30,Heavy RAin,1.0,2018
4585,,Malawi,,34.3666,-14.9262,60622.11,2018-03-03,2018-03-14,FloodList,0,200,Heavy Rain,1.0,2018
4586,,Angola,,16.007,-11.2471,462991.06,2018-03-01,2018-03-14,FloodList,8,3000,Heavy Rain,1.5,2018
4589,,USA,,-121.122,37.9118,51513.38,2018-03-21,2018-03-24,FloodList,0,30000,Heavy Rain,1.5,2018
4592,,Uruguay,,-56.442,-33.7238,54636.92,2018-03-18,2018-03-20,FloodList,0,70,Heavy Rain,1.0,2018
4597,,Greece,Bulgaria,26.6714,41.5317,12826.2,2018-03-25,2018-04-08,FloodList,0,0,Heavy Rain,1.5,2018
4598,,Tanzania,,39.2164,-7.0694,7629.55,2018-04-14,2018-04-17,FloodList,9,0,Heavy Rain,1.0,2018
4599,,Malawi,,34.0202,-11.1575,37319.62,2018-04-11,2018-04-17,FloodList,4,1000,Heavy Rain,1.5,2018
4601,,USA,,-159.489,22.1409,623.434,2018-04-14,2018-04-17,FloodList,0,0,Heavy Rain,1.0,2018
4605,,Kenya,,38.0287,1.8322,265957.28,2018-04-15,2018-05-02,FloodList,72,211000,Heavy Rain,1.5,2018
4606,,Somalia,,42.3491,1.03603,163422.64,2018-04-23,2018-05-02,FloodList,5,50000,Heavy Rain,1.0,2018
4613,,China,,108.795,23.8122,109610.1,2018-05-12,2018-05-14,FloodList,3,6100,Heavy Rain,1.5,2018
4616,,Turkey,,35.1337,40.1393,81516.35,2018-05-06,2018-05-22,News,0,0,Heavy Rain,1.5,2018
4618,,USA,,-77.9936,37.7166,33123.01,2018-05-10,2018-05-22,News,0,0,Heavy Rain,1.5,2018
4620,,Guatemala,,-90.2169,15.8797,67481.61,2018-05-18,2018-05-22,FloodLIst,1,150,Heavy Rain,1.0,2018
4623,,Uganda,,34.0697,1.36283,10889.53,2018-05-22,2018-05-27,FloodList,0,600,Heavy Rain,1.0,2018
4628,,France,,-3.61464,48.1913,12919.82,2018-06-03,2018-06-04,FloodList,0,20,Heavy Rain,1.0,2018
4629,,Spain,,-0.843705,39.6857,48492.05,2018-06-02,2018-06-04,FloodList,0,10,Heavy Rain,1.0,2018
4630,,USA,,-79.0823,38.7086,20688.31,2018-06-02,2018-06-04,FloodLIst,0,0,Heavy Rain,1.5,2018
4636,,New Zealand,,177.335,-39.1965,21531.57,2018-06-11,2018-06-13,FloodList,0,500,Heavy Rain,1.5,2018
4637,,USA,,-93.3593,41.964,13708.59,2018-06-20,2018-07-02,FloodList,1,100,Heavy Rain,1.5,2018
4638,,Ghana,,-1.70939,6.78596,23280.81,2018-06-28,2018-07-02,FloodList,5,500,Heavy Rain,1.5,2018
4654,,Mongolia,,91.4251,47.6723,188249.04,2018-07-11,2018-07-19,FloodList,0,30,Heavy Rain,1.0,2018
4657,,Slovakia,,18.1596,48.701,21244.97,2018-07-18,2018-07-20,FloodList,0,300,Heavy Rain,1.5,2018
4660,,Algeria,,6.40648,22.972,349302.36,2018-08-02,2018-08-09,FloodList,5,0,Heavy Rain,1.5,2018
4662,,Colombia,Venezuela,-68.2941,2.75369,138376.07,2018-07-26,2018-09-04,FloodList,0,5000,Heavy Rain,1.5,2018
4664,,Turkey,,40.5211,40.9307,23112.35,2018-08-07,2018-08-10,FloodList,0,300,Heavy Rain,1.5,2018
4667,,Nigeria,,8.2375,10.4748,257477.37,2018-08-20,2018-10-02,FloodList,108,148000,Heavy Rain,2.0,2018
4668,,Sudan,,31.9418,13.487,629241.72,2018-08-01,2018-09-04,FloodList,23,4500,Heavy Rain,1.5,2018
4680,,Uruguay,,-55.3038,-32.0875,141701.16,2018-09-29,2018-10-02,FloodList,4,36,Heavy Rain,1.0,2018
4691,,Colombia,,-72.451,11.2344,19329.37,2018-10-05,2018-10-21,FloodLIst,0,0,Heavy Rain,1.0,2018
4692,,Tunisia,,9.52416,35.9368,55223.6,2018-10-17,2018-10-21,FloodList,5,0,Heavy RAin,1.5,2018
4696,,USA,,-98.6544,27.8839,83020.68,2018-10-24,2018-10-27,River Gauging,0,0,Heavy Rain,1.0,2018
4697,,Russia,,39.1174,45.021,65879.5,2018-10-23,2018-10-27,FloodList,6,750,Heavy Rain,1.5,2018
4699,,Italy,Slovenia,12.0233,45.5062,56625.41,2018-10-27,2018-11-05,FloodList,11,0,Heavy Rain,1.0,2018
4700,,Indonesia,,99.9864,-0.008989,22664.39,2018-11-01,2018-11-07,FloodList,4,0,Heavy Rain,1.0,2018
4702,,Sudan,,36.6183,19.9066,74505.16,2018-11-01,2018-11-07,FloodList,4,300,Heavy Rain,1.0,2018
4703,,Paraguay,,-57.0853,-25.3427,97154.2,2018-10-29,2018-11-07,FloodList,0,10000,Heavy Rain,1.0,2018
4705,,Iraq,Iran,45.8229,33.0427,256782.99,2018-11-22,2018-11-27,FloodList,22,3000,Heavy Rain,1.5,2018
4706,,Ecuador,,-77.7214,-1.48156,70607.79,2018-11-24,2018-11-28,FloodList,9,150,Heavy Rain,1.0,2018
4708,,Indonesia,,102.708,-1.57238,136439.91,2018-12-05,2018-12-10,FloodList,9,236,Heavy Rain,1.0,2018
4709,,Vietnam,,106.568,17.3678,13984.75,2018-12-06,2018-12-12,FloodList,2,400,Heavy Rain,1.5,2018
4710,,Cyprus,Israel,35.2079,32.7134,14894.88,2018-12-05,2018-12-10,FloodList,4,0,Heavy Rain,1.5,2018
4711,,USA,,-120.058,35.7787,72393.23,2018-12-05,2018-12-10,FloodList,0,0,Heavy Rain,1.5,2018
4714,,Sri Lanka,,80.8597,7.71145,49073.87,2018-12-22,2018-12-26,FloodList,2,11000,Heavy Rain,1.5,2018
4716,,Mozambique,Malawi,35.9997,-17.6038,357274.22,2019-01-09,2019-01-11,FloodList,20,50,Heavy Rain,1.5,2019
4718,,Philippines,,125.447,7.04402,43546.93,2019-01-26,2019-01-29,FloodList,0,20000,Heavy Rain,1.5,2019
4719,,Australia,,144.97,-16.2961,51581.36,2019-01-26,2019-01-29,FloodLIst,0,0,Heavy Rain,1.5,2019
4721,,Spain,,-6.22508,43.2839,6802.4,2019-01-22,2019-01-25,Flood List,4,0,Heavy Rain,1.0,2019
4722,,Ecuador,,-77.9688,-1.23336,68561.57,2019-02-09,2019-02-20,FloodList,0,0,Heavy Rain,1.0,2019
4724,,Zimbawe,,30.8036,-19.0405,154678.41,2019-02-12,2019-02-18,FloodList,2,300,Heavy Rain,1.5,2019
4726,,Chile,Peru,-69.2454,-21.9649,272110.34,2019-01-26,2019-02-19,FloodList,6,600,Heavy Rain,1.5,2019
4727,,USA,,-122.829,38.9788,21540.28,2019-02-25,2019-03-04,FloodLIst,1,8000,Heavy Rain,1.5,2019
4731,,Brazil,,-46.124,-23.5386,20310.38,2019-03-10,2019-03-14,FloodList,12,1300,Heavy Rain,1.0,2019
4735,,Peru,,-75.1489,-6.29384,659470.61,2019-03-29,2019-04-02,FloodList,0,150,Heavy Rain,1.0,2019
4736,,Paraguay,Bolivia,-57.8276,-22.6654,259389.42,2019-03-15,2019-04-02,FloodList,0,250,Heavy Rain,1.0,2019
4739,,China,,113.175,22.8439,73166.82,2019-04-11,2019-04-20,FloodList,7,0,Heavy Rain,1.0,2019
4747,,USA,,-90.9839,38.3936,429706.84,2019-04-30,2019-06-10,FloodList,2,0,Heavy Rain,1.5,2019
4749,,Italy,,12.5429,43.7947,22050.47,2019-05-12,2019-05-14,FloodList,0,20,Heavy Rain,1.0,2019
4751,,USA,,-95.2398,36.7091,250078.73,2019-05-20,2019-05-27,FloodLIst,0,4000,Heavy Rain,2.0,2019
4752,,India,,91.5736,23.4991,9467.55,2019-05-24,2019-05-27,FloodLIst,0,750,Heavy Rain,1.5,2019
4756,,Romania,,26.6531,45.6237,88755.01,2019-05-31,2019-06-10,FloodList,0,260,Heavy Rain,1.0,2019
4757,,Libya,,12.6913,24.5547,151026.83,2019-06-03,2019-06-10,FloodList,2,3000,Heavy Rain,1.5,2019
4759,,Bosnia,Serbia,19.2978,44.0893,27244.66,2019-06-01,2019-06-05,Flood List,0,159,Heavy Rain,1.0,2019
4762,,Hungary,,20.1639,47.2624,14047.33,2019-06-19,2019-06-24,FloodList,0,0,Heavy Rain,1.0,2019
4765,,Philippines,,123.493,8.22284,5390.18,2019-06-03,2019-06-23,FloodList,0,45000,Heavy Rain,1.5,2019
4766,,Mongolia,,111.071,47.2037,85984.41,2019-06-15,2019-06-19,FloodList,0,0,Heavy Rain,1.0,2019
4767,,Uruguay,,-55.9719,-32.7446,38380.48,2019-06-11,2019-06-24,FloodList,0,5400,Heavy Rain,1.5,2019
4776,,Japan,,130.866,32.591,32382.22,2019-06-28,2019-07-10,FloodList,0,1000000,Heavy Rain,2.0,2019
4777,,Russia,,102.485,58.9111,413323.05,2019-06-25,2019-07-10,FloodList,18,3000,Heavy Rain,1.5,2019
4782,,Nigeria,,12.6418,9.80315,106018.64,2019-08-01,2019-08-09,FloodList,7,6000,Heavy Rain,1.5,2019
4783,,Brazil,,-36.3503,-8.49416,57167.37,2019-07-22,2019-08-01,FloodLIst,8,0,Heavy Rain,1.5,2019
4786,,Sudan,,33.9212,14.8262,228503.64,2019-08-07,2019-08-29,FloodList,54,100000,Heavy Rain,1.5,2019
4789,,Japan,,130.545,32.9506,10883.12,2019-08-28,2019-08-29,FloodList,2,800000,Heavy Rain,1.5,2019
4792,,Central African Republic,,17.1452,7.22255,70469.71,2019-08-19,2019-08-22,FloodList,1,725,Heavy Rain,1.0,2019
4793,,Russia,,134.553,44.7995,86510.96,2019-08-25,2019-08-30,FloodList,0,170,Heavy Rain,1.0,2019
4794,,Nigeria,Niger,9.42519,12.7565,1048396.98,2019-09-01,2019-09-14,FloodList,57,50000,Heavy Rain,1.5,2019
4795,,Cambodia,Laos,105.479,14.5905,146785.96,2019-09-05,2019-09-14,FloodList,7,50000,Heavy Rain,1.5,2019
4801,,Cameroon,,14.6213,12.1578,10557.47,2019-10-01,2019-10-15,FloodList,0,0,Heavy Rain,1.0,2019
4804,,Ivory Coast,,-4.01053,5.82018,34664.28,2019-10-04,2019-10-12,FloodList,2,120,Heavy Rain,1.5,2019
4805,,Nigeria,,6.90135,7.69921,88014.67,2019-09-25,2019-10-15,FloodList,2,20000,Heavy Rain,1.5,2019
4806,,Kenya,,39.9339,3.34308,35197.09,2019-10-05,2019-10-15,FloodList,0,1000,Heavy Rain,1.0,2019
4808,,Senegal,,-15.5163,15.5202,60942.37,2019-09-10,2019-09-20,FloodList,0,4500,Heavy Rain,1.0,2019
4809,,Venezuela,,-72.2284,9.77189,24680.9,2019-10-05,2019-10-15,FloodList,6,2000,Heavy Rain,1.5,2019
4812,,Uruguay,,-55.9224,-33.7487,73269.14,2019-10-12,2019-10-18,FloodList,0,270,Heavy Rain,1.0,2019
4813,,South Sudan,,30.5066,6.49722,323373.63,2019-10-12,2019-10-18,FloodList,0,0,Heavy Rain,1.5,2019
4814,,Tanzania,,36.8657,-5.45658,113250.01,2019-10-12,2019-12-06,FloodList,29,0,Heavy Rain,1.5,2019
4815,,Ecuador,,-76.8306,-1.5563,47965.6,2019-10-20,2019-11-06,FloodList,1,100,Heavy Rain,1.0,2019
4816,,Iran,,54.7553,35.8903,213508.44,2019-10-25,2019-11-06,FloodList,2,0,Heavy Rain,1.5,2019
4817,,Togo,Benin,1.7547,8.06093,64158.06,2019-10-23,2019-11-06,FloodList,0,0,Heavy Rain,1.5,2019
4818,,Kenya,,39.4143,0.728006,232028.01,2019-10-10,2019-12-06,FloodList,100,18000,Heavy Rain,1.5,2019
4819,,Ghana,,0.146375,5.81812,7285.63,2019-10-25,2019-10-30,FloodList,0,0,Heavy Rain,1.0,2019
4820,,Nigeria,,7.51994,7.92221,229359.19,2019-10-15,2019-11-19,FloodList,18,42000,Heavy Rain,2.0,2019
4821,,Colombia,,-75.2965,7.7648,66443.64,2019-10-28,2019-11-06,FloodLIst,0,8400,Heavy Rain,1.5,2019
4822,,India,,94.2459,27.0678,106818.77,2019-10-25,2019-11-06,FloodList,2,1000,Heavy Rain,1.0,2019
4824,,Austria,,12.8645,47.2165,16413.21,2019-11-15,2019-11-19,FloodList,1,60,Heavy Rain,1.0,2019
4825,,Democratic  Republic of the Congo,Central African Republic,23.2321,2.83151,678566.71,2019-11-01,2019-12-06,FloodList,0,98000,Heavy Rain,1.5,2019
4826,,United Kingdom,,-2.10528,51.984,8038.29,2019-11-07,2019-11-19,FloodList,0,100,Heavy Rain,1.0,2019
4829,,Uganda,,33.3521,2.39222,78161.92,2019-11-15,2019-12-06,FloodList,4,1000,Heavy Rain,1.5,2019
4830,,Somalia,Ethiopia,42.6557,1.59494,271254.58,2019-10-21,2019-12-06,FloodList,0,270000,Heavy Rain,1.5,2019
4833,,Malaysia,,102.584,4.41537,38171.31,2019-11-30,2019-12-06,Validation,2,15000,Heavy Rain,1.5,2019
4832,,India,Sri Lanka,78.8554,10.8488,104755.46,2019-11-30,2019-12-06,FloodList,30,1000,Heavy Rain,1.5,2019
4834,,Mexico,USA,-107.661,28.4836,397450.44,2019-11-27,2019-12-04,FloodList,3,500,Heavy Rain,1.0,2019
4838,,Angola,,14.3491,-8.58141,78864.62,2020-01-03,2020-01-05,FloodList,0,1250,Heavy Rain,1.0,2020
4839,,Peru,,-75.0739,-9.82611,206909.78,2020-01-01,2020-01-08,FloodList,0,150,Heavy Rain,1.5,2020
4840,,Colombia,,-76.6822,6.78628,51192.41,2019-12-30,2020-01-05,FloodList,0,0,Heavy Rain,1.5,2019
4841,,Malawi,,33.5996,-13.6739,7076.28,2019-12-25,2020-01-08,FloodList,0,0,Heavy Rain,1.5,2019
4842,,Zambia,,31.15,-13.8712,51482.86,2019-12-25,2020-01-08,FloodList,0,1500,Heavy Rain,1.5,2019
4842,,Mozambique,,38.8699,-12.5865,119825.42,2019-12-26,2020-01-08,FloodList,5,8500,Heavy Rain,1.5,2019
4843,,Tanzania,,36.8162,-7.55143,104721.22,2019-12-27,2019-12-31,FloodLIst,0,300,Heavy Rain,1.5,2019
4846,,Republic of Congo,Democratic Republic of Congo,18.1596,-1.11981,585146.24,2019-11-01,2020-01-09,FloodList,0,5000,Heavy Rain,2.0,2019
4847,,Uganda,,32.8573,2.14484,93390.88,2019-12-13,2019-12-20,FloodList,7,300,Heavy Rain,1.5,2019
4849,,South Africa,,28.0818,-26.6255,52857.06,2019-12-08,2019-12-12,FloodList,1,300,Heavy rain,1.5,2019
4853,,Peru,,-76.9791,-5.92065,322182.75,2019-12-15,2019-12-31,FloodList,0,100,Heavy Rain,1.0,2019
4854,,USA,,-86.728,35.6388,138726.87,2019-12-28,2019-12-31,FloodList,2,0,Heavy Rain,1.5,2019
4856,,Peru,,-75.643,-9.73816,261687.68,2019-12-06,2019-12-14,FloodList,0,500,Heavy Rain,1.0,2019
4857,,Colombia,,-77.3255,1.69119,50331.67,2019-12-06,2019-12-12,FloodList,0,0,Heavy Rain,1.0,2019
4859,,Indonesia,,107.508,-6.53346,24986.75,2020-01-01,2020-01-09,FloodList,53,173000,Heavy Rain,2.0,2020
4860,,Indonesia,,100.184,1.94961,11674.16,2019-12-28,2019-12-30,FloodList,5,100,Heavy Rain,1.5,2019
4861,,Sri Lanka,,80.8349,7.92226,44781.54,2019-12-20,2019-12-27,FloodList,1,15500,Heavy Rain,1.5,2019
4863,,Mozambique,,36.8657,-16.2229,401249.74,2020-01-17,2020-01-22,FloodList,28,10000,Heavy Rain,1.5,2020
4864,,Argentina,,-64.1372,-25.5944,210946.78,2020-01-15,2020-01-18,FloodLIst,0,250,Heavy Rain,1.0,2020
4865,,Zimbabwe,,27.1663,-18.3012,75329.36,2020-01-17,2020-01-22,FloodList,0,40,Heavy Rain,1.0,2020
4866,,Indonesia,,107.88,-6.85599,14792.85,2020-01-23,2020-01-27,FloodList,0,16000,Heavy Rain,1.5,2020
4867,,Madascar,,47.1838,-18.9495,443085.58,2020-01-20,2020-01-27,FloodList,26,40000,Heavy Rain,2.0,2020
4869,,Peru,,-71.2386,-14.5764,146371.91,2020-02-09,2020-02-18,FloodList,2,1600,Heavy Rain,1.5,2020
4870,,Zimbabwe,,27.7849,-18.2455,73436.23,2020-02-11,2020-02-17,FloodList,1,160,Heavy Rain,1.0,2020
4872,,Mozambique,,35.2821,-18.0132,172916.51,2020-02-12,2020-02-17,FloodList,2,2000,Heavy Rain,1.5,2020
4873,,Australia,,148.607,-27.4929,816540.49,2020-02-07,2020-02-17,FloodList,1,0,Heavy Rain,1.0,2020
4874,,Burundi,,29.987,-3.40766,17373.89,2020-02-07,2020-02-17,FloodList,3,1000,Heavy Rain,1.5,2020
4875,,Tanzania,,35.2821,-7.77357,266334.32,2020-02-01,2020-02-17,FloodList,40,15000,Heavy Rain,2.0,2020
4876,,USA,,-88.3364,31.8833,108059.77,2020-02-10,2020-02-17,FloodList,0,300,Heavy Rain,2.0,2020
4879,,Pakistan,,71.0365,33.3026,116828.75,2020-03-06,2020-03-17,FloodList,33,1200,Heavy Rain,1.5,2020
4880,,Angola,,15.6605,-10.5036,157818.46,2020-03-08,2020-03-17,FloodList,2,1700,Heavy Rain,1.5,2020
4881,,Egypt,,30.7541,29.0213,22124.19,2020-03-12,2020-03-15,FloodList,5,0,Heavy Rain,1.0,2020
4882,,Zambia,,29.9623,-10.2504,101083.2,2020-03-04,2020-03-17,FloodLIst,0,0,Heavy Rain,1.5,2020
4883,,Iran,,47.8271,33.9716,96629.85,2020-02-24,2020-03-10,FloodLIst,0,0,Heavy Rain,1.5,2020
4884,,Burundi,,30.086,-3.08566,13769.59,2020-03-02,2020-03-08,FloodList,1,185,Heavy Rain,1.5,2020
4885,,Rwanda,,29.8633,-1.99445,15283.09,2020-03-02,2020-03-05,FloodLIst,10,0,Heavy Rain,1.5,2020
4886,,Indonesia,,120.523,-1.3702,34166.52,2020-03-05,2020-03-15,FloodList,0,300,Heavy Rain,1.0,2020
4887,,Bolivia,,-64.5579,-15.8678,130235.52,2020-03-02,2020-03-10,FloodList,0,600,Heavy Rain,1.0,2020
4888,,Vietnam,,105.183,20.691,50183.18,2020-03-02,2020-03-10,FloodList,2,1000,Heavy Rain,1.0,2020
4889,,Indonesia,,107.063,-6.45856,18058.92,2020-02-24,2020-03-10,FloodList,0,17000,Heavy Rain,1.5,2020
4890,,Colombia,,-76.8801,7.49274,22501.07,2020-04-01,2020-04-03,FloodList,0,500,Heavy Rain,1.0,2020
4892,,Papua New Guinea,,146.752,-6.92513,14567.65,2020-04-01,2020-04-03,FloodList,0,0,Heavy Rain,1.0,2020
4893,,Indonesia,,107.286,-6.70697,12749.15,2020-03-31,2020-04-03,FloodList,1,300,Heavy Rain,1.5,2020
4894,,Afghanistan,,65.6424,33.826,220551.72,2020-03-21,2020-04-03,FloodList,11,1200,Heavy Rain,1.5,2020
4895,,Zambia,,30.9025,-10.0901,91521.53,2020-03-04,2020-04-24,FloodList,0,0,Heavy Rain,1.5,2020
4896,,Democratic Republic of Congo,,26.7456,-3.24494,180311.71,2020-03-17,2020-04-03,FloodList,36,78000,Heavy Rain,2.0,2020
4897,,Kenya,,36.5935,1.16343,154389.9,2020-03-27,2020-04-27,FloodList,1,3000,Heavy Rain,1.5,2020
4898,,Peru,,-76.8801,-7.01073,152175.01,2020-03-28,2020-04-02,FloodList,0,120,Heavy Rain,1.5,2020
4899,,USA,,-83.7588,39.3553,126521.34,2020-03-22,2020-04-03,FloodList,8,30,Heavy Rain,1.5,2020
4900,,Tanzania,,34.2182,-4.51236,184333.48,2020-04-24,2020-04-27,FloodList,2,10000,Heavy Rain,1.5,2020
4903,,Burundi,Rwanda,29.9375,-2.76312,41569.31,2020-04-19,2020-04-26,FloodList,9,0,Heavy Rain,1.5,2020
4904,,Indonesia,,101.867,-2.11727,52988.23,2020-04-22,2020-04-26,FloodList,0,2000,Heavy Rain,1.0,2020
4906,,Angola,,14.2007,-9.13908,77631.98,2020-04-18,2020-04-24,FloodList,11,90,Heavy Rain,1.5,2020
4909,,Iran,,54.1614,33.0386,216986.62,2020-04-10,2020-04-16,FloodList,7,300,Heavy Rain,1.5,2020
4911,,Somalia,Ethiopia,47.0848,6.14157,428331.4,2020-04-20,2020-04-28,FloodList,10,81000,Heavy Rain,1.5,2020
4912,,Chad,,18.0854,9.62794,134488.38,2020-04-20,2020-04-26,FloodList,0,2062,Heavy Rain,1.0,2020
4916,,Democratic Republic Congo,,17.6153,-3.82262,84572.69,2020-05-16,2020-05-20,FloodList,0,500,Heavy Rain,1.5,2020
4917,,Algeria,,12.6666,31.6837,91355.8,2020-05-16,2020-05-18,FloodLIst,1,0,Heavy Rain,1.0,2020
4918,,Ecuador,,-77.9936,-2.68377,24825.78,2020-05-16,2020-05-19,FloodList,2,15,Heavy Rain,1.0,2020
4926,,Indonesia,,116.874,-0.352141,17703.47,2020-05-22,2020-05-30,FloodList,0,5200,Heavy Rain,1.5,2020
4932,,Ukraine,,30.0613,49.3154,195643.94,2020-06-22,2020-06-26,FloodList,3,470,Heavy Rain,1.5,2020
4934,,Mongolia,,106.222,46.3877,423250.41,2020-06-21,2020-06-25,FloodList,2,300,Heavy Rain,1.5,2020
4935,,Malaysia,,103.055,2.4561,30344.28,2020-06-20,2020-06-25,FloodList,0,1000,Heavy Rain,1.5,2020
4936,,Canada,,-99.4462,50.2241,78874.8,2020-07-01,2020-07-05,FloodList,0,240,Heavy Rain,1.5,2020
4940,,Poland,,22.4898,51.1537,47884.2,2020-06-29,2020-07-05,FloodList,0,300,Heavy Rain,1.0,2020
4941,,Ukraine,,23.628,49.2688,33791.16,2020-06-22,2020-07-05,FloodList,3,775,Heavy Rain,1.5,2020
4942,,Japan,,131.039,32.6655,28547.82,2020-06-29,2020-07-05,FloodList,34,0,Heavy Rain,2.0,2020
4945,,Colombia,,-75.2965,3.46299,259423.03,2020-07-05,2020-07-18,FloodList,5,660,Heavy Rain,1.5,2020
4946,,Indonesia,,121.835,-3.98697,39202.49,2020-07-11,2020-07-18,FloodList,17,5000,Heavy Rain,1.5,2020
4947,,Niger,Mali,1.16086,15.5369,390094.45,2020-07-01,2020-07-30,FloodList,9,15000,Heavy Rain,1.5,2020
4954,,Chad,Camaroon,14.6461,10.199,107557.64,2020-08-10,2020-08-27,FloodList,10,38000,Heavy Rain,2.0,2020
4958,,Sudan,South Sudan,31.0757,10.3029,885004.46,2020-07-28,2020-08-27,FloodList,0,200000,Heavy Rain,2.0,2020
4959,,Mali,,-0.694903,16.1702,178502.15,2020-07-20,2020-08-27,FloodList,0,5400,Heavy Rain,1.5,2020
4960,,Nigeria,,7.86635,10.0672,330402.23,2020-08-05,2020-08-27,FloodList,3,15000,Heavy Rain,1.5,2020
4965,,Mozambique,,38.1276,-14.5813,293973.02,2020-10-02,2020-10-25,FloodList,22,5000,Heavy Rain,1.5,2020
4966,,Vietnam,,107.833,15.8548,52752.51,2020-10-06,2020-10-25,FloodList,75,900000,Heavy Rain,2.0,2020
4967,,Nigeria,,6.25802,7.77412,118736.41,2020-09-15,2020-10-25,FloodList,155,25000,Heavy Rain,1.5,2020
4968,,Togo,,0.777334,9.71016,25645.64,2020-09-15,2020-10-21,FloodLIst,11,16000,Heavy Rain,1.5,2020
4971,,Republic of Congo,,15.9575,1.24751,142623.1,2020-09-01,2020-11-09,FloodList,0,3000,Heavy Rain,1.5,2020
4972,,Indonesia,,99.7884,1.20606,69428.83,2020-11-04,2020-11-09,FloodList,0,3000,Heavy Rain,1.0,2020
4975,,Chad,Camaroon,15.1162,11.885,16269.78,2020-08-20,2020-11-09,FloodList,10,32000,Heavy Rain,1.0,2020
4978,,Colombia,,-74.2078,9.99546,37556.5,2020-10-20,2020-11-09,FloodList,0,3000,Heavy Rain,1.5,2020
4981,,Somalia,,43.8681,2.17635,244176.26,2020-10-01,2020-11-12,FloodList,0,108000,Heavy Rain,1.5,2020
4983,,New Zealand,,176.475,-39.3944,17253.1,2020-11-09,2020-11-12,FloodList,0,64,Heavy Rain,1.5,2020
4987,,Colombia,,-74.8759,8.55756,237001.31,2020-11-13,2020-11-23,FloodList,2,2000,Heavy Rain,1.5,2020
4988,,Democratic Republic of Congo,,27.8838,-2.62608,112820.2,2020-11-15,2020-11-23,FloodList,9,24,Heavy Rain,1.0,2020
4990,,Venezuela,,-70.3973,9.02691,160618.25,2020-11-10,2020-11-23,FloodList,5,300,Heavy Rain,1.5,2020
4993,,Australia,,151.997,-26.9358,139898.17,2020-12-12,2020-12-15,FloodList,0,0,Heavy Rain,1.5,2020
4996,,Thailand,,99.0434,10.4787,73210.65,2020-11-15,2020-12-15,FloodList,24,0,Heavy Rain,1.5,2020
4997,,Ecuador,,-78.5132,-2.27455,31228.69,2020-12-25,2020-12-29,FloodList,0,0,Heavy Rain,1.0,2020
5000,,Portugal,,-16.9761,32.7521,734.385,2020-12-25,2020-12-27,FloodList,0,20,Heavy Rain,1.0,2020
5002,,Democratic Republic of Congo,,15.3892,-4.98025,62296.98,2020-12-01,2020-12-10,FloodList,18,0,Heavy Rain,1.5,2020
5004,,Brazil,,-49.9345,-28.0802,37960.82,2020-12-17,2020-12-24,FloodList,12,220,Heavy Rain,1.5,2020
5008,,United Kingdom,,-3.80021,52.3751,21408.25,2020-12-18,2020-12-22,FloodList,0,18,Heavy Rain,1.5,2020
5009,,Namibia,,17.6895,-22.2559,367193.11,2021-01-01,2021-01-13,FloodList,0,260,Heavy Rain,1.5,2021
5010,,Indonesia,,109.933,-7.55119,39426.75,2021-01-11,2021-01-13,FloodList,0,3000,Heavy Rain,1.5,2021
5011,,Malaysia,,117.282,5.73427,41803.98,2021-01-11,2021-01-13,FloodList,0,2000,Heavy Rain,1.5,2021
5012,,Malaysia,,102.164,4.03109,77111.7,2021-01-01,2021-01-12,FloodList,20,19500,Heavy Rain,1.5,2021
5013,,Serbia,Bulgaria,20.535,44.3113,68673.77,2021-01-09,2021-01-13,FloodList,0,0,Heavy Rain,1.0,2021
5014,,USA,,-123.423,44.8553,68968.0,2021-01-11,2021-01-13,USGS Gauging,0,0,Heavy Rain,1.0,2021
5016,,Burundi,,29.9375,-3.61841,22006.48,2021-01-08,2021-02-03,FloodList,0,1500,Heavy Rain,1.5,2021
5018,,Paraguay,,-57.8276,-23.4087,118548.31,2021-01-30,2021-02-08,FloodList,10,0,Heavy Rain,1.5,2021
5020,,France,,1.95265,46.1065,291654.6,2021-01-31,2021-02-03,FloodList,1,150,Heavy Rain,1.0,2021
5021,,Chile,,-71.3871,-35.3275,93471.22,2021-01-29,2021-02-03,FloodList,0,521,Heavy Rain,1.5,2021
5024,,South Africa,,29.121,-24.0477,120665.48,2021-02-14,2021-02-24,FloodList,30,0,Heavy Rain,1.5,2021
5025,,Albania,,19.8175,42.031,6550.71,2021-02-01,2021-02-14,FloodList,0,35,Heavy Rain,1.0,2021
5026,,Philippines,,124.94,12.1765,7008.09,2021-02-08,2021-02-14,FloodList,1,10000,Heavy Rain,1.5,2021
5027,,Indonesia,,107.137,-6.43393,13179.26,2021-02-19,2021-02-22,FloodList,5,32000,Heavy Rain,1.5,2021
5028,,Brazil,,-43.996,-21.928,118512.76,2021-02-18,2021-02-22,FloodList,2,0,Heavy Rain,1.0,2021
5030,,Brazil,,-70.9169,-8.62588,128810.56,2021-02-18,2021-02-22,FloodList,0,0,Heavy Rain,1.5,2021
5031,,Madagascar,,47.7034,-17.4619,194399.58,2021-02-14,2021-02-18,FloodList,1,500,Heavy Rain,1.5,2021
5032,,Mozambique,,34.3023,-20.2325,69204.6,2021-02-10,2021-02-20,FloodList,0,12000,Heavy Rain,1.0,2021
5033,,Indonesia,,110.391,-6.94421,8568.78,2021-02-22,2021-02-28,FloodList,1,36000,Heavy Rain,1.5,2021
5034,,Australia,,132.648,-14.2696,267224.37,2021-02-22,2021-02-28,FloodList,0,250,Heavy Rain,1.0,2021
5035,,Australia,,152.17,-30.2957,82784.0,2021-02-24,2021-02-28,FloodList,0,75,Heavy Rain,1.5,2021
5036,,Bolivia,,-67.2797,-11.5529,128782.47,2021-02-22,2021-03-11,FloodList,0,300,Heavy Rain,1.0,2021
5041,,Burundi,,30.5685,-3.06701,46847.05,2021-02-24,2021-03-01,FloodList,0,1900,Heavy Rain,1.5,2021
5043,,Peru,,-70.7561,-12.066,99072.96,2021-02-23,2021-03-01,FloodList,0,4000,Heavy Rain,1.5,2021
5045,,Australia,,150.909,-30.8531,200686.67,2021-03-18,2021-03-22,FloodList,0,18000,Heavy Rain,2.0,2021
5050,,Haiti,,-72.3521,18.9203,11054.93,2021-04-02,2021-04-07,FloodList,3,750,Heavy Rain,1.5,2021
5051,,Colombia,,-73.0201,1.66438,257391.9,2021-04-01,2021-04-06,FloodList,3,0,Heavy Rain,1.0,2021
5054,,Peru,,-74.4553,-3.02046,252707.23,2021-04-01,2021-04-15,FloodList,0,0,Heavy Rain,1.0,2021
5057,,Venezuela,,-70.6819,8.99006,10138.29,2021-04-20,2021-04-30,FloodList,0,0,Heavy Rain,1.5,2021
5058,,Kenya,,35.4059,-0.422939,23483.27,2021-04-23,2021-05-24,FloodList,6,39054,Heavy Rain,1.5,2021
5059,,Angola,,13.78,-9.28778,33667.66,2021-04-19,2021-04-30,FloodList,14,8165,Heavy Rain,1.5,2021
5060,,Colombia,,-77.7214,2.28697,11140.33,2021-04-21,2021-04-30,FloodList,0,0,Heavy Rain,1.5,2021
5061,,Afghanistan,,65.9888,34.2478,259774.14,2021-05-02,2021-05-05,FloodList,16,200,Heavy Rain,1.5,2021
5062,,Yemen,,49.5591,16.3552,66535.29,2021-05-01,2021-05-04,FloodList,4,0,Heavy Rain,1.0,2021
5063,,Uganda,,31.6943,-0.272389,16049.97,2021-05-04,2021-05-09,FloodList,0,0,Heavy Rain,1.0,2021
5064,,South Africa,,20.8567,-33.8857,40795.73,2021-05-04,2021-05-09,FloodList,2,50,Heavy Rain,1.0,2021
5065,,Somalia,,45.2538,2.54787,55048.54,2021-05-07,2021-06-01,FloodList,9,100000,Heavy Rain,1.5,2021
5068,,Ethiopia,,37.2616,7.53523,176121.08,2021-04-26,2021-05-10,FloodList,7,27400,Heavy Rain,1.5,2021
5070,,Algeria,,5.78789,35.7154,35276.97,2021-05-10,2021-05-14,NASA Flood Alerts,0,0,Heavy Rain,1.0,2021
5072,,Indonesia,,108.176,-7.0049,28512.33,2021-05-24,2021-05-28,FloodList,0,12000,Heavy Rain,1.5,2021
5073,,Brazil,,-66.0425,-4.23979,114949.47,2021-05-01,2021-05-28,FloodList,0,8000,Heavy Rain,1.5,2021
5074,,USA,,-93.1366,31.4521,90600.7,2021-05-16,2021-05-28,FloodList,0,250,Heavy Rain,2.0,2021
5077,,Brazil,,-62.034,-2.08431,121963.14,2021-05-15,2021-06-02,FloodList,0,0,Heavy Rain,1.5,2021
5080,,New Zealand,,171.545,-43.1109,6948.02,2021-05-29,2021-06-02,FloodList,0,0,Heavy Rain,1.5,2021
5084,,New Zealand,,176.499,-39.4563,25184.03,2021-06-19,2021-06-21,FloodList,0,20,Heavy Rain,1.0,2021
5085,,Ukraine,,36.1977,45.2459,2832.21,2021-06-15,2021-06-21,FloodList,0,1490,Heavy Rain,1.5,2021
5086,,Mexico,,-96.8234,17.2343,35803.72,2021-06-15,2021-06-18,FloodList,0,0,Heavy Rain,1.5,2021
5087,,Guyana,Suriname,-58.9658,5.15327,170318.02,2021-05-15,2021-06-18,FloodList,0,0,Heavy Rain,1.0,2021
5093,,Indonesia,,97.0172,4.25715,49386.55,2021-07-05,2021-07-07,FloodList,0,6000,Heavy Rain,1.0,2021
5103,,Costa Rica,,-84.1052,9.80222,30326.86,2021-07-22,2021-07-28,FloodList,2,3000,Heavy Rain,1.5,2021
5104,,Panama,,-82.002,8.78486,11376.15,2021-07-22,2021-07-28,FloodList,0,1408,Heavy Rain,1.5,2021
5107,,Nigeria,,9.12827,12.1102,114959.47,2021-08-10,2021-08-17,FloodList,21,1600,Heavy Rain,1.0,2021
5109,,Colombia,,-72.5748,3.22666,50656.99,2021-08-13,2021-08-17,FloodList,3,100,Heavy Rain,1.0,2021
5110,,Somalia,,45.5507,4.50621,66965.12,2021-08-11,2021-08-17,FloodList,2,10000,Heavy Rain,1.5,2021
5111,,Japan,,130.248,32.777,2470.63,2021-08-12,2021-08-17,FloodList,3,50,Heavy Rain,1.5,2021
5112,,Niger,,3.03921,13.2298,89127.43,2021-08-10,2021-08-28,FloodList,62,12000,Heavy Rain,1.5,2021
5115,,Benin,,2.17534,7.4037,18289.23,2021-08-20,2021-08-25,FloodList,1,0,Heavy Rain,1.0,2021
5116,,Sudan,,30.0118,12.1503,734281.01,2021-08-01,2021-09-22,FloodList,0,60000,Heavy Rain,1.5,2021
5120,,Colombia,,-75.8904,9.00464,46072.5,2021-09-05,2021-09-26,FloodList,0,6000,Heavy Rain,1.0,2021
5124,,Chad,,18.1844,11.7112,414366.31,2021-07-01,2021-09-22,FloodList,15,160000,Heavy Rain,1.5,2021
5129,,Mexico,,-100.832,19.9508,69141.86,2021-10-01,2021-10-09,FloodList,4,2440,Heavy Rain,1.5,2021
